rozetka_row_id;site_category_id;site_category_name;site_category_visible;site_parent_id;rozetka_parent_id;rozetka_category_name;rozetka_exclude;products_count
4025;80001;;;;4628124;Фотоапарати;0;0
650;80002;;;;4628124;Відеокамери;0;0
2096;80003;;;;4627949;"Мобільні телефони";0;0
2432;80004;;;;80253;Ноутбуки;0;0
1748;80005;;;;80257;КПК;0;0
2285;80007;;;;80254;БФП/Принтери;0;0
3389;80010;;;;80257;Смартфоны;0;0
2022;80011;;;;80015;Медіаплеєри;0;0
2948;80012;;;;4670651;Проектори;0;0
3689;80015;;;;4627949;"Аксесуари для телевізорів";0;0
165;80016;;;;80257;MP3-плееры;0;0
166;80016;;;;80257;MP3-плееры;0;0
164;80016;;;;4627865;MP3-плеєри;0;0
738;80017;;;;80260;"Гаджеты и подарки";0;0
2944;80019;;;;80253;"Програмне забезпечення";0;0
1325;80020;;;;80261;"Ігрові консолі та дитячі приставки";0;0
4264;80021;;;;4670651;"Екрани для проекторів";0;0
953;80022;;;;4627865;Диктофони;0;0
4288;80023;;;;4627865;"Електронні книги";0;0
2551;80024;;;;80254;"Оригинальные расходные материалы";0;0
568;80025;;;;0;"Побутова техніка, інтер'єр";0;0
1640;80026;;;;80253;"Комп'ютерні комплектуючі";0;0
2398;80027;;;;4660594;Навушники;0;0
3354;80028;;;;80254;Сканери;0;0
3696;80029;;;;80254;"Телефонні апарати";0;0
3962;80030;;;;80254;Факсы;0;0
102;80032;;;;80263;Bluetooth-гарнитуры;0;0
101;80032;;;;80263;Bluetooth-гарнітури;0;0
3615;80036;;;;80256;"Сумки, рюкзаки та чохли для ноутбуків";0;0
3688;80037;;;;4627949;Телевізори;0;0
2337;80040;;;;4654503;"Навігаційні карти для GPS";0;0
3613;80041;;;;80259;"Сумки и чехлы фото/видео";0;0
997;80042;;;;80263;"Другие аксессуары";0;0
261;80043;;;;80256;"Аксессуары для ноутбуков";0;0
1469;80044;;;;4628124;"Карти пам'яті";0;0
4001;80045;;;;80256;"Флеш пам'ять USB";0;0
126;80047;;;;4654503;"GPS навигаторы";0;0
127;80047;;;;4654503;"GPS навигаторы";0;0
125;80047;;;;4654503;GPS-навігатори;0;0
129;80048;;;;80257;"GPS приёмники";0;0
130;80048;;;;80257;"GPS приёмники";0;0
128;80048;;;;4627865;GPS-приймачі;0;0
4124;80058;;;;4628124;"Цифрові фоторамки";0;0
2482;80060;;;;4628124;Об'єктиви;0;0
711;80061;;;;80259;Вспышки;0;0
351;80062;;;;80019;Антивіруси;0;0
2524;80063;;;;80019;"Операційні системи";0;0
2580;80064;;;;80019;"Офісні програми";0;0
2276;80065;;;;80019;"Мультимедіа, графіка і дизайн";0;0
1338;80066;;;;80261;Ігри;0;0
2669;80069;;;;80019;"Перекладачі та словники";0;0
3926;80070;;;;80015;"Універсальні пульти ДК";0;0
1774;80071;;;;80015;"Кріплення для телевізорів";0;0
1419;80073;;;;80263;"Кабелі та адаптери";0;0
4289;80074;;;;4627865;"Електронні перекладачі";0;0
4249;80075;;;;4628124;Штативи;0;0
2032;80077;;;;80025;"Дрібна побутова техніка";0;0
713;80078;;;;80025;"Вбудована техніка";0;0
1512;80079;;;;80025;"Кліматична техніка";0;0
1790;80080;;;;80025;"Велика побутова техніка";0;0
2523;80081;;;;80026;"Оперативна пам'ять";0;0
1997;80082;;;;80026;"Материнські плати";0;0
2984;80083;;;;80026;Процесори;0;0
1188;80084;;;;80026;"Жорсткі диски та дискові масиви";0;0
2536;80085;;;;80026;"Оптичні приводи";0;0
462;80086;;;;80026;"Блоки живлення";0;0
651;80087;;;;80026;Відеокарти;0;0
1285;80088;;;;80026;"Звукові карти";0;0
2119;80089;;;;80253;Монітори;0;0
1706;80090;;;;80026;Корпуси;0;0
1643;80095;;;;80253;"Комп'ютери, неттопи, моноблоки";0;0
3345;80099;;;;80026;"Системи охолодження";0;0
330;80100;;;;4671521;"Акустичні системи";0;0
2806;80102;;;;80019;"ПО для мобильных устройств";0;0
3209;80103;;;;80259;"Светофильтры, бленды и крышки для объективов";0;0
2336;80105;;;;4654503;"Навігаційне ПЗ";0;0
3183;80106;;;;4628418;"Сантехніка та меблі для ванної";0;0
1415;80108;;;;80026;"Джерела безперебійного живлення";0;0
3;80109;;;;80026;SSD;0;0
3309;80111;;;;80253;"Мережеве обладнання";0;0
1328;80112;;;;80255;"Ігрові поверхні";0;0
208;80113;;;;4654503;"Аксесуари до GPS-навігаторів";0;0
271;80114;;;;80256;"Аксессуары для ПК";0;0
3048;80115;;;;80019;"Розпізнавання тексту";0;0
376;80116;;;;80019;Архіватори;0;0
3960;80117;;;;80067;"Файлові менеджери";0;0
3337;80118;;;;80019;"Системні утиліти";0;0
3076;80119;;;;80067;"Резервне копіювання";0;0
1275;80120;;;;80067;"Защита данных";0;0
2973;80121;;;;80080;"Професійна техніка";0;0
2762;80122;;;;80080;"Кухонні плити";0;0
2897;80123;;;;80080;"Посудомийні машини";0;0
3549;80124;;;;80080;"Пральні машини";0;0
4082;80125;;;;80080;Холодильники;0;0
2587;80128;;;;80079;"Очисники повітря";0;0
3885;80130;;;;80079;"Зволожувачі повітря";0;0
477;80131;;;;82795;Бойлери;0;0
1652;80133;;;;80079;Кондиціонери;0;0
1346;80134;;;;80106;"Подрібнювачі харчових відходів";0;0
714;80137;;;;80078;"Вбудовані варильні поверхні";0;0
1840;80140;;;;80078;"Кухонні витяжки";0;0
715;80141;;;;80078;"Вбудовані духові шафи";0;0
4270;80142;;;;435974;"Електричні печі";0;0
1737;80143;;;;435974;Кавомолки;0;0
1925;80144;;;;435974;Скиборізки;0;0
3821;80145;;;;435974;Тостери;0;0
2682;80147;;;;80077;"Персональный уход";0;0
635;80148;;;;435974;"Ваги кухонні";0;0
252;80149;;;;80077;"Аксессуары для мелкой бытовой техники";0;0
4037;80150;;;;435974;Фритюрниці;0;0
2636;80151;;;;435964;Пароочисники;0;0
3414;80153;;;;435974;"Соковижималки (соковичавниці)";0;0
4076;80154;;;;435974;Хлібопічки;0;0
458;80155;;;;435974;Блендери;0;0
2073;80156;;;;435974;Міксери;0;0
2633;80157;;;;435974;Пароварки;0;0
3014;80158;;;;435964;Пилососи;0;0
4183;80159;;;;4629564;"Швейні машинки";0;0
4303;80160;;;;435974;Електрочайники;0;0
3944;80161;;;;435964;"Праски та прасувальні системи";0;0
2065;80162;;;;435974;"Мікрохвильові печі";0;0
1842;80163;;;;435974;"Кухонні комбайни";0;0
1735;80164;;;;435974;Кавомашини;0;0
1499;80171;;;;80255;Клавіатури;0;0
2288;80172;;;;80255;"Комп'ютерні миші";0;0
1326;80173;;;;80261;"Ігрові маніпулятори й аксесуари до консолей";0;0
1590;80174;;;;80255;"Комплект: клавіатура та миша";0;0
2298;80176;;;;435974;М'ясорубки;0;0
309;80177;;;;80080;"Аксесуари до ВПТ";0;0
2985;80178;;;;80078;"Інша вбудована техніка";0;0
1417;80179;;;;435974;Йогуртниці;0;0
561;80180;;;;435974;"Бутербродниці та вафельниці";0;0
2056;80183;;;;80079;Метеостанції;0;0
307;80185;;;;80078;"Аксесуари до ВПТ";0;0
616;80186;;;;80079;Вентилятори;0;0
1010;80188;;;;80106;"Душові піддони та панелі до них";0;0
3327;80189;;;;117101;Сидіння;0;0
1008;80190;;;;4633393;"Душові кабіни та стінки";0;0
1007;80191;;;;4633393;"Душові двері та перегородки";0;0
2447;80192;;;;80079;Обігрівачі;0;0
1975;80193;;;;80111;Маршрутизатори;0;0
1578;80194;;;;80111;Комутатори;0;0
427;80195;;;;80111;"Бездротові точки доступу";0;0
3310;80196;;;;80111;"Мережеві адаптери";0;0
141;80197;;;;80111;IP-телефония;0;0
142;80197;;;;80111;IP-телефония;0;0
140;80197;;;;80111;IP-телефонія;0;0
3314;80199;;;;80111;"Мережеві сховища (NAS)";0;0
3036;80200;;;;80111;Разное;0;0
2126;80203;;;;80080;"Морозильні камери";0;0
4086;80209;;;;80121;"Холодильные шкафы";0;0
763;80210;;;;80080;"Генератори льоду";0;0
2975;80211;;;;80121;"Професійні мікрохвильові печі";0;0
2977;80213;;;;80121;"Професійні посудомийні машини";0;0
2979;80214;;;;80121;"Професійні сушильні автомати";0;0
3630;80222;;;;80080;"Сушильні автомати";0;0
586;80224;;;;80137;"Варильні поверхні газові";0;0
588;80225;;;;80137;"Варильні поверхні електричні";0;0
1405;80247;;;;80192;"Інфрачервоні обігрівачі";0;0
1989;80248;;;;80192;"Масляні обігрівачі";0;0
3703;80250;;;;80192;Тепловентилятори;0;0
1644;80252;;;;80192;Конвектори;0;0
1642;80253;;;;0;"Комп'ютери та ноутбуки";0;0
2578;80254;;;;80253;"Офісна техніка";0;0
1501;80255;;;;80026;"Клавіатури та миші";0;0
262;80256;;;;80253;"Аксесуари для електроніки";0;0
3698;80257;;;;4627949;"Телефоны, наушники, GPS";0;0
3678;80258;;;;4627949;"ТВ, Аудио/Видео, Фото";0;0
299;80259;;;;4628124;"Аксесуари до фото/відео";0;0
2779;80260;;;;0;"Подарунки та сувеніри";0;0
3765;80261;;;;80253;"Товари для геймерів";0;0
254;80263;;;;4627949;"Аксесуари до мобільних телефонів і смартфонів";0;0
3627;80697;;;;435974;"Сушарки для овочів і фруктів";0;0
1011;80702;;;;124813;"Душевые стенки";0;0
1012;80704;;;;4625865;"Душові екрани";0;0
3396;80706;;;;80106;Змішувачі;0;0
2277;81089;;;;435974;"Мультипічки і аерогрилі";0;0
324;81202;;;;4627893;"Активний відпочинок, туризм та хобі";0;0
3466;81203;;;;4627893;"Спортивні товари";0;0
3563;81205;;;;4654069;"Столи та сітки для настільного тенісу";0;0
3409;81224;;;;80254;"Витратні матеріали для принтерів";0;0
4315;81225;;;;435969;Епілятори;0;0
4275;81226;;;;435969;Електробритви;0;0
3973;81227;;;;81231;Фени;0;0
960;81228;;;;435969;"Для здоровья и красоты";0;0
2002;81229;;;;435969;"Машинки для стрижки";0;0
2029;81230;;;;4628621;"Домашні медичні прилади";0;0
2919;81231;;;;435969;"Прилади для укладання волосся";0;0
636;81232;;;;435969;"Ваги підлогові";0;0
1991;81233;;;;435969;Масажери;0;0
4272;81234;;;;4669195;Електропростирадла;0;0
817;81235;;;;435974;"Грилі та електрошашличниці";0;0
2301;81265;;;;4654069;"М'ячі для настільного тенісу";0;0
2315;81493;;;;4654069;"Наборы для настольного тенниса";0;0
3040;81496;;;;4654069;"Ракетки для настільного тенісу";0;0
3028;81499;;;;81202;"Радіокеровані моделі";0;0
627;81500;;;;81499;Вертольоти;0;0
3176;81501;;;;81499;"Радіокеровані літаки";0;0
48;81502;;;;81499;"Машинки на радіокеруванні";0;0
3666;81503;;;;81499;Танки;0;0
4337;81505;;;;81499;"Радіокеровані катери";0;0
1633;81573;;;;4624893;"Компоненти для складання ракеток";0;0
2390;81667;;;;435974;"Настільні плити";0;0
3683;82249;;;;80026;"Карти відеозахвату";0;0
3868;82411;;;;81202;"Туризм і кемпінг";0;0
2600;82412;;;;82411;"Намети й аксесуари";0;0
3148;82445;;;;82411;"Туристичні рюкзаки та гермомішки";0;0
3432;82531;;;;82411;"Спальні мішки";0;0
3870;82618;;;;82411;"Туристичні килимки";0;0
3360;82672;;;;82411;"Складані меблі";0;0
3734;82682;;;;82411;Термопродукція;0;0
1960;82696;;;;82411;"Мангали, барбекю, гриль";0;0
2319;82741;;;;83916;"Набори для пікніка";0;0
445;82766;;;;82411;"Біотуалети й аксесуари";0;0
2300;82790;;;;4624893;"М'ячі для командних ігор";0;0
690;82795;;;;80079;Водонагрівачі;0;0
4273;82796;;;;82795;"Проточні водонагрівачі";0;0
744;82797;;;;82795;"Газові проточні водонагрівачі";0;0
830;83033;;;;81203;Дайвінг;0;0
1880;83034;;;;83033;Ласти;0;0
3846;83035;;;;83033;Трубки;0;0
1982;83036;;;;83033;"Маски для дайвінгу";0;0
539;83037;;;;83033;Буи;0;0
813;83199;;;;4674795;"Графічні планшети";0;0
2097;83244;;;;4626529;"Мобільний інтернет";0;0
2794;83311;;;;4658222;"Підводні рушниці";0;0
2340;83646;;;;82411;"Надувні меблі й аксесуари";0;0
896;83687;;;;100820;"Дитячі автокрісла";0;0
5648;83850;;;;0;"Знижені в ціні товари";0;0
5636;83853;;;;83850;"Знижені в ціні ноутбуки";0;0
5633;83854;;;;83850;"Знижені в ціні мобільні телефони";0;0
226;83859;;;;83033;"Аксесуари для дайвінгу";0;0
201;83868;;;;4628124;"Акумулятори для фото- та відеокамер";0;0
1269;83878;;;;4628124;"Зарядні пристрої для акумуляторних батарей";0;0
609;83882;;;;81203;"Велосипеди та аксесуари";0;0
608;83884;;;;83882;Велосипеди;0;0
210;83916;;;;81202;"Аксесуари для активного відпочинку та туризму";0;0
441;83917;;;;203883;Біноклі;0;0
5647;83976;;;;83850;"Знижені в ціні телевізори та монітори";0;0
3067;84018;;;;81202;Рації;0;0
741;84095;;;;82411;"Туристичні пальники";0;0
743;84098;;;;4612059;"Газові паяльники";0;0
1597;84182;;;;82411;"Комплектуючі до туристичних пальників";0;0
277;84310;;;;81202;"Аксесуари до рацій";0;0
2893;84520;;;;83916;"Посуд для відпочинку та туризму";0;0
976;84535;;;;80100;"Домашні кінотеатри";0;0
1251;84542;;;;81499;"Запчастини для радіокерованих моделей";0;0
2556;84625;;;;0;Амуніція;0;0
2770;84647;;;;4658132;"Пневматичні гвинтівки";0;0
2771;84675;;;;4658132;"Пневматичні пістолети";0;0
3142;84703;;;;81202;Риболовля;0;0
1477;84712;;;;84703;Котушки;0;0
3313;84863;;;;80256;"Мережеві фільтри, адаптери та подовжувачі";0;0
4160;84878;;;;80256;"Очисні засоби";0;0
2532;84884;;;;80256;"Оптичні диски";0;0
3896;85169;;;;84703;Вудлища;0;0
2274;85359;;;;239221;Мультиінструмент;0;0
4341;85380;;;;84703;"Ящики та сумки";0;0
4233;85399;;;;84703;"Шнури та волосіні";0;0
4012;85432;;;;83916;"Ліхтарі й аксесуари";0;0
3039;85569;;;;4624893;"Ракетки для великого тенісу";0;0
1922;86167;;;;81202;"Човни та аксесуари";0;0
1921;86168;;;;86167;Човни;0;0
2138;86278;;;;86167;Мотори;0;0
2299;86360;;;;4624893;"М'ячі для великого тенісу";0;0
2995;86549;;;;4658390;"Кулі для пневматики";0;0
273;86554;;;;4658132;"Комплектуючі та аксесуари до пневматики";0;0
4326;86998;;;;86167;"Ехолоти та картплотери";0;0
2420;87073;;;;4674798;"Ножі тактичні";0;0
3174;87381;;;;80077;Самовары;0;0
773;87382;;;;80106;"Гідромасажні бокси";0;0
3767;88468;;;;0;"Товари для дітей";0;0
278;88770;;;;84703;"Аксесуари для риболовлі";0;0
225;88817;;;;4674795;"Аксесуари до графічних планшетів";0;0
5640;88915;;;;83850;"Знижені в ціні принтери та витратні матеріали";0;0
248;89817;;;;86167;"Аксесуари для човнів";0;0
3694;89847;;;;203883;Телескопи;0;0
2783;90374;;;;80260;"Подарункові сертифікати";0;0
988;90423;;;;4630220;"Дорожні сумки та валізи";0;0
5617;90547;;;;83850;"Знижені в ціні автотовари";0;0
931;91143;;;;100826;"Дитячі електро- та веломобілі";0;0
3158;91290;;;;4670676;"Садові павільйони, тенти та альтанки";0;0
3156;91291;;;;4670676;"Садові гойдалки";0;0
4130;91450;;;;2394287;Годинники;0;0
2370;91451;;;;4633585;"Наручні годинники";0;0
2382;91456;;;;91450;"Настінні годинники";0;0
2392;91458;;;;91450;"Настільні годинники";0;0
5630;96632;;;;83850;"Знижені в ціні комплектуючі";0;0
1458;96813;;;;4633585;"Кишенькові годинники";0;0
2366;96814;;;;91450;"Підлогові годинники";0;0
913;97420;;;;4265805;"Дитячі конструктори";0;0
3027;97422;;;;100812;"Радіокеровані іграшки";0;0
3464;97988;;;;4624907;"Спортивні окуляри";0;0
1219;97992;;;;83916;"Запальнички та аксесуари";0;0
1810;98002;;;;435974;"Кулери для води";0;0
1399;98159;;;;100784;"Інтерактивні іграшки";0;0
2385;98280;;;;80260;"Настільні ігри";0;0
2289;99051;;;;100808;"М'які іграшки";0;0
5623;99158;;;;83850;"Знижені в ціні диктофони";0;0
1329;99253;;;;100808;"Ігрові фігурки";0;0
1034;99364;;;;100812;"Залізниця й аксесуари";0;0
1807;99392;;;;100808;Ляльки;0;0
2481;99669;;;;80019;"Навчальні програми";0;0
1327;99674;;;;4265805;"Ігрові набори";0;0
1962;100076;;;;102573;Манежі;0;0
3589;100077;;;;3933312;"Стільчики для годування";0;0
1334;100193;;;;4035302;"Іграшки для малюків";0;0
2637;100194;;;;102573;Парти;0;0
3726;100209;;;;2033137;Термобілизна;0;0
3001;100313;;;;100808;Пупси;0;0
911;100389;;;;100820;"Дитячі коляски";0;0
565;100651;;;;80019;"Бухгалтерія та діловодство";0;0
3031;100784;;;;4265805;"Розвиток і творчість";0;0
2290;100808;;;;4265805;"М'які іграшки, фігурки, ляльки";0;0
2005;100812;;;;4265805;"Машинки, моделі техніки та зброя";0;0
1567;100820;;;;88468;"Коляски та автокрісла";0;0
3501;100826;;;;3933347;"Засоби пересування";0;0
2048;100957;;;;81202;Металошукачі;0;0
308;100967;;;;80261;"Аксессуары к игровым приставкам";0;0
243;101746;;;;100820;"Аксесуари до колясок і автокрісел";0;0
5618;101808;;;;83850;"Знижені в ціні аксесуари";0;0
914;101909;;;;102573;"Дитячі ліжечка";0;0
1331;102003;;;;100812;"Іграшкові машинки та техніка";0;0
2504;102262;;;;83033;"Одяг та спорядження для дайвінгу";0;0
3072;102281;;;;83033;"Регулятори й октопуси";0;0
962;102298;;;;88468;"Для найменших";0;0
2094;102300;;;;102573;Мобілі;0;0
167;102308;;;;100812;"Автомобільні треки";0;0
461;102312;;;;435974;Млинниці;0;0
891;102573;;;;88468;"Дитяча кімната";0;0
245;102829;;;;100808;"Аксесуари до ляльок і пупсів";0;0
2316;102843;;;;100784;"Набори для наукових досліджень";0;0
2596;102848;;;;100784;Пазли;0;0
918;102876;;;;100784;"Дитячi музичні інструменти";0;0
3681;102912;;;;100784;"Дитяча творчість";0;0
831;103108;;;;83033;"Дайв комп'ютери, декомпресиметри й аксесуари";0;0
1587;103214;;;;102573;"Комоди та пеленатори";0;0
3030;103303;;;;4035302;"Розвивальні ігрові центри";0;0
2796;103306;;;;3973646;Підгузки;0;0
923;103310;;;;3973646;"Дитячі серветки, хусточки та рушники";0;0
2776;103323;;;;4035302;"Брязкальця та гризунці";0;0
1547;103338;;;;100812;"Колекційні модельки";0;0
5649;103374;;;;83850;"Знижені в ціні товари для активного відпочинку";0;0
912;103520;;;;100784;"Дитячі комп'ютери";0;0
2082;103536;;;;103535;Минимойки;0;0
1330;104013;;;;100812;"Іграшкова зброя";0;0
4164;104034;;;;100826;"Чудомобили, ходунки, качалки";0;0
901;104132;;;;100826;"Дитячі велосипеди";0;0
2098;104335;;;;100812;Моделювання;0;0
1496;104764;;;;4624900;"Кистевые тренажеры";0;0
2564;105277;;;;80025;"Освещение интерьера";0;0
1946;105278;;;;230134;Люстри;0;0
2900;105279;;;;105277;"Потолочные светильники";0;0
2387;105280;;;;230134;"Настільні лампи";0;0
3820;105281;;;;230134;Торшери;0;0
509;105282;;;;230134;"Бра та настінно-стельові світильники";0;0
3822;105283;;;;230134;"Точкові світильники";0;0
268;105290;;;;4659231;"Аксесуари для освітлення";0;0
1468;108241;;;;86167;"Карти й аксесуари до ехолотів";0;0
255;108336;;;;100812;"Аксесуари для моделювання";0;0
5656;108687;;;;83850;"Знижені в ціні фотоапарати та відеокамери";0;0
230;108706;;;;102573;"Аксесуари до дитячих меблів";0;0
272;108714;;;;80256;"Аксессуары для планшетов";0;0
3041;108979;;;;117101;Раковини;0;0
774;110262;;;;80106;"Гідромасажні ванни";0;0
3268;111389;;;;80019;"Серверне програмне забезпечення";0;0
2273;112986;;;;435974;Мультиварки;0;0
1844;113805;;;;80106;"Кухонні мийки";0;0
5615;114221;;;;83850;"Знижені в ціні DVD/HD-медіаплеєри";0;0
5650;116474;;;;83850;"Знижені в ціні товари для геймерів";0;0
1294;116671;;;;81203;"Зимові види спорту";0;0
1884;116672;;;;116671;Льодоходи;0;0
581;116902;;;;4675849;Ванни;0;0
1006;116943;;;;80106;"Душові гарнітури";0;0
229;117025;;;;100826;"Аксесуари до дитячого транспорту";0;0
362;117046;;;;4658222;Арбалети;0;0
1486;117101;;;;80106;Керамiка;0;0
1934;117150;;;;4658222;Луки;0;0
1731;117206;;;;4648950;"Котли газові";0;0
2607;117785;;;;4675849;"Панелі для ванн";0;0
3108;118428;;;;4658222;Рогатки;0;0
89;118575;;;;80019;"Програми автоматизованого проектування і креслення";0;0
1941;118582;;;;116671;Лижі;0;0
2608;118648;;;;124813;"Панели к душевым поддонам";0;0
1525;118802;;;;116671;"Ключки та шайби";0;0
3182;118814;;;;116671;"Санки та снігокати";0;0
4203;120571;;;;102573;"Шафи в дитячу кімнату";0;0
1958;121376;;;;84625;"Макети зброї";0;0
1942;122002;;;;116671;"Лыжные крепления";0;0
5611;123025;;;;83850;"Знижене в ціні ПЗ";0;0
2986;123281;;;;435974;"Інша дрібна техніка";0;0
1592;124813;;;;80106;Комплектующие;0;0
1768;124814;;;;4675849;"Кріплення для ванної";0;0
2425;124815;;;;4675849;"Ніжки для ванн і душових піддонів";0;0
3134;124816;;;;124813;"Ручки для ванн";0;0
2795;124818;;;;4675849;Підголівники;0;0
3353;124819;;;;80106;Сифони;0;0
3271;125754;;;;4630100;Сервери;0;0
5616;126356;;;;83850;"Знижені в ціні MP3- і медіаплеєри";0;0
2950;126488;;;;91450;"Проекционные часы";0;0
415;126963;;;;117101;"Бачки для унітаза";0;0
3927;126964;;;;117101;Унітази;0;0
432;126965;;;;117101;Біде;0;0
3017;126966;;;;117101;П'єдестали;0;0
1867;127902;;;;4312831;"Лазерные шоу-системы";0;0
123;130186;;;;273291;FM-трансмиттеры;0;0
124;130186;;;;273291;FM-трансмиттеры;0;0
122;130186;;;;273291;FM-трансмітери;0;0
2734;130309;;;;80253;Планшети;0;0
3319;131141;;;;80019;"Програми для мережі та інтернету";0;0
88;131143;;;;4660587;"3D і VR окуляри";0;0
3997;132895;;;;81203;"Фітнес та аеробіка";0;0
416;132896;;;;4624900;"Бігові доріжки";0;0
4246;132946;;;;80254;Шредери;0;0
611;133215;;;;4624900;Велотренажери;0;0
2539;135306;;;;4624900;Орбітреки;0;0
5659;136887;;;;83850;"Знижені в ціні електронні книги";0;0
924;139406;;;;100826;"Дитячі самокати";0;0
905;139442;;;;3933347;"Дитячі ігрові комплекси";0;0
5607;142204;;;;83850;"Знижена в ціні офісна техніка";0;0
1538;142254;;;;2394287;Килими;0;0
3922;143851;;;;83916;"Универсальные головные уборы";0;0
3511;144719;;;;80026;"Стабилизаторы напряжения для компьютеров";0;0
5434;144743;;;;132895;"Спортивні обручі";0;0
3024;146154;;;;102573;Радіоняні;0;0
1282;146202;;;;80263;"Захисні плівки та скло";0;0
4143;146229;;;;80263;"Чохли для мобільних телефонів";0;0
197;146332;;;;4650580;"Акумулятори для мобільних телефонів";0;0
1268;146341;;;;80263;"Зарядні пристрої";0;0
1421;146539;;;;80263;"Кабели синхронизации";0;0
751;146633;;;;4624900;"Гантелі, диски, грифи, замки";0;0
16;147629;;;;4626529;TravelSim;0;0
275;147793;;;;4670651;"Аксесуари до проекторів";0;0
882;147913;;;;80263;Тримачі;0;0
5657;147919;;;;83850;"Знижені в ціні фото- і відеоаксесуари";0;0
3544;148157;;;;80263;"Стилуси і аксесуари";0;0
2935;148966;;;;4658426;Приціли;0;0
3979;149287;;;;80106;"Фільтри для води";0;0
310;150072;;;;80079;"Аксесуари до кліматичної техніки";0;0
2721;150740;;;;117101;Пісуари;0;0
3906;150741;;;;80192;"Вуличні обігрівачі";0;0
311;152114;;;;80106;"Аксесуари до кухонних мийок";0;0
4676;152456;;;;80262;"Дім, сад, город, обладнання";0;0
2007;152458;;;;2394287;Меблі;0;0
3154;152459;;;;2394297;"Садова техніка";0;0
1390;152460;;;;2577232;Інструменти;0;0
3349;152462;;;;2394297;"Системи поливу";0;0
1440;152463;;;;2394287;"Каміни, печі, сауни";0;0
993;152496;;;;4660244;"Дрилі та міксери";0;0
4259;152499;;;;4660244;Шурупокрути;0;0
4226;152503;;;;4660244;"Шліфувальні та полірувальні машини (болгарки)";0;0
4280;152505;;;;4660244;Електролобзики;0;0
2712;152560;;;;4660244;"Циркулярні пилки (Дискові)";0;0
4297;152562;;;;4660244;Електрорубанки;0;0
3197;152563;;;;161187;"Зварювальне обладнання";0;0
761;152564;;;;4675923;Генератори;0;0
5651;153198;;;;83850;"Знижені в ціні товари для дітей";0;0
683;153396;;;;84703;Воблери;0;0
3021;153563;;;;280596;Радар-детектори;0;0
658;153617;;;;280596;Відеореєстратори;0;0
2683;153621;;;;4660244;Перфоратори;0;0
4219;153657;;;;152462;Шланги;0;0
1655;153658;;;;152462;"Комплектуючі для поливу";0;0
2371;153659;;;;152462;Насадки;0;0
2552;153660;;;;152462;Зрошувачі;0;0
3938;153670;;;;4660034;"Гарантійні сервіси та обслуговування електроніки";0;0
1534;153723;;;;4658540;Кобури;0;0
3580;153965;;;;4660244;"Будівельні фени";0;0
426;154006;;;;152458;"Безкаркасні меблі";0;0
2579;154072;;;;4657815;"Офісні крісла";0;0
3591;154084;;;;4658857;"Стільці для кухні";0;0
642;154103;;;;4671666;"Вішалки, стійки для одягу";0;0
4033;154195;;;;4660244;Фрезери;0;0
3826;154219;;;;161187;"Точильні верстати";0;0
1755;154981;;;;4673707;Фарбопульти;0;0
3140;155018;;;;2394297;"Садовий інструмент";0;0
745;155072;;;;152459;Газонокосарки;0;0
3841;155089;;;;152459;"Тримери та мотокоси";0;0
1641;155285;;;;4671541;"Комп'ютерні столи";0;0
3004;155293;;;;1735862;"Пускозарядні пристрої";0;0
2959;155307;;;;80158;"Промислові пилососи";0;0
1838;155467;;;;152459;Кущорізи;0;0
381;155480;;;;152459;Аератори;0;0
3155;155489;;;;152459;"Садові подрібнювачі та дровоколи";0;0
4116;155515;;;;152459;"Ланцюгові пили";0;0
3925;155534;;;;152459;"Універсальні мийки";0;0
2009;155548;;;;80106;"Меблі для ванної кімнати";0;0
3862;155549;;;;155548;"Тумби під умивальник";0;0
1290;155550;;;;155548;"Дзеркала в ванну";0;0
2663;155551;;;;155548;"Пенали в ванну";0;0
1825;155824;;;;152459;"Культиватори та мотоблоки";0;0
2378;155952;;;;152462;"Насоси та помпи";0;0
1733;155960;;;;4648950;"Котли електричні";0;0
694;156363;;;;152459;Повітродуви;0;0
2529;156378;;;;4625304;Обприскувачі;0;0
350;156631;;;;80111;"Підсилювачі зв'язку";0;0
3393;156670;;;;149287;"Змінні елементи для фільтрів";0;0
395;156671;;;;391699;"Бактерицидный комплекс очистки воды бассейнов";0;0
3350;156672;;;;4651378;"Системи пом'якшення та комплексного очищення";0;0
137;156790;;;;237071;IP-камери;0;0
138;156790;;;;237071;IP-камеры;0;0
139;156790;;;;237071;IP-камеры;0;0
3587;156839;;;;4625234;"Студійне світло";0;0
495;156959;;;;4660244;Штроборізи;0;0
223;157078;;;;80259;"Аксессуары для вспышек";0;0
1895;157092;;;;2577232;"Драбини, підмостки";0;0
3674;157096;;;;4625304;Тачки;0;0
4279;157120;;;;152463;Електрокаміни;0;0
442;157121;;;;152463;Біокаміни;0;0
2875;157122;;;;152463;Портали;0;0
240;157123;;;;152463;"Аксесуари для камінів, печей";0;0
3364;157138;;;;4660244;Нейлери;0;0
2577;157234;;;;4625234;Світловідбивачі;0;0
3098;157241;;;;4625234;"Розсіювачі на спалах";0;0
484;157286;;;;4625234;"Устаткування для предметної зйомки";0;0
1416;159461;;;;132895;Йога;0;0
1337;159570;;;;102573;Игрушки-ночники;0;0
4013;160624;;;;4625234;"Фони для студії";0;0
4150;160821;;;;239221;"Чохли, ножни та аксесуари для ножів";0;0
3331;160853;;;;4624900;"Силові тренажери";0;0
3825;161149;;;;239221;"Точильні верстати, каміння для заточування";0;0
2451;161187;;;;2577232;Обладнання;0;0
2928;161249;;;;152460;Принадлежности;0;0
1638;162118;;;;161187;"Повітряні компресори";0;0
3025;162184;;;;4625234;"Синхронізатори та ПДУ";0;0
1348;162285;;;;152460;"Измерительная техника";0;0
2570;163892;;;;4660244;"Відбійні молотки";0;0
2867;163904;;;;4628411;"Сушарки для рушників";0;0
4215;163943;;;;2460422;"Шкільні рюкзаки та ранці";0;0
2043;163968;;;;4627851;"Металеві меблі";0;0
3221;163969;;;;163968;Сейфи;0;0
2046;163983;;;;163968;"Металеві шафи";0;0
3531;163984;;;;4656054;"Стеллажи из нержавейки";0;0
2072;164743;;;;298222;Мікрофони;0;0
3677;165692;;;;80015;"ТВ тюнери";0;0
431;165907;;;;4655445;Бетономішалки;0;0
4250;166828;;;;273291;"Штатні головні пристрої";0;0
1438;167898;;;;278669;"Камери заднього огляду";0;0
978;169823;;;;2394287;"Домашній текстиль";0;0
2507;169825;;;;169823;Ковдри;0;0
2828;169826;;;;169823;Подушки;0;0
2884;169827;;;;169823;"Постільна білизна";0;0
3356;169828;;;;299910;"Скатертини та серветки";0;0
2864;169829;;;;169823;Рушники;0;0
5652;170446;;;;83850;"Знижені в ціні товари для дому, саду";0;0
5638;173349;;;;83850;"Знижені в ціні ПК і неттопи";0;0
2751;173644;;;;169823;Пледи;0;0
2846;173873;;;;169823;Покривала;0;0
3752;173974;;;;230134;"Технічні світильники";0;0
2091;174726;;;;4660244;"Багатофункційні інструменти";0;0
1998;177055;;;;169823;Матраци;0;0
2356;177612;;;;169823;"Наматрацники та підматрацники";0;0
301;179179;;;;4630489;"Аксесуари до екшн-камер";0;0
593;180143;;;;80256;Веб-камери;0;0
463;180768;;;;4631376;"Блоки живлення для ноутбуків";0;0
3546;182006;;;;80077;"Стильні тенденції на кухні";0;0
2861;182007;;;;435964;"Мийки для підлоги";0;0
2807;182008;;;;4658962;"Підмітальні машини";0;0
3401;182187;;;;4634049;"Снігоприбиральна техніка";0;0
5641;182837;;;;83850;"Знижені в ціні проектори та аксесуари";0;0
2824;183690;;;;80256;"Підставки та столики для ноутбуків";0;0
1389;185340;;;;3423154;"Інструмент для плитки та скла";0;0
2553;185362;;;;4649292;"Ортопедичні каркаси";0;0
790;185692;;;;3647328;"Прасувальні дошки";0;0
3632;185696;;;;3647328;"Сушарки для одягу";0;0
4342;187716;;;;3423154;"Скрині та сумки для інструментів";0;0
3002;188063;;;;196455;"Пурифайеры (кулер + фильтр)";0;0
1679;189057;;;;80254;"Копіювальні апарати";0;0
3358;189145;;;;100826;"Скейтборди для дітей";0;0
922;189193;;;;100826;"Дитячі роликові ковзани";0;0
1273;189195;;;;100826;Захист;0;0
1460;189504;;;;4628772;"Карнавальні костюми";0;0
333;191644;;;;280596;Алкотестери;0;0
198;192669;;;;4631376;"Акумулятори для ноутбуків";0;0
1016;192910;;;;81203;Единоборства;0;0
253;193161;;;;4658222;"Аксесуари до метальної зброї";0;0
1646;195407;;;;1230990;"Конверти для немовлят";0;0
303;195851;;;;4627865;"Аксесуари до електронних книг";0;0
1609;196452;;;;156670;"Комплектующие для пурифаеров";0;0
1608;196453;;;;156670;"Змінні картриджі для проточних фільтрів";0;0
1610;196454;;;;156670;"Змінні картриджі для систем зворотного осмосу";0;0
3980;196455;;;;149287;"Фільтри для питної води";0;0
2971;196456;;;;196455;"Проточні фільтри";0;0
3984;196457;;;;435974;Фільтри-глечики;0;0
3344;196458;;;;196455;"Системи зворотного осмосу";0;0
3985;196459;;;;4651378;"Магістральні фільтри для води";0;0
964;196460;;;;4651378;"Для холодной воды";0;0
959;196461;;;;4651378;"Для горячей воды";0;0
3987;196462;;;;4651378;"Фільтри від накипу";0;0
3989;196463;;;;196462;"Фильтры от накипи для душа";0;0
3988;196464;;;;196462;"Фильтры от накипи для бойлеров";0;0
3991;196465;;;;196462;"Фильтры от накипи для стиральных машин";0;0
3434;196466;;;;4625077;"Спеціалізована хімія";0;0
977;196755;;;;203883;"Домашні планетарії";0;0
2066;196825;;;;203883;Мікроскопи;0;0
769;197324;;;;88468;"Гигиена и уход за ребенком";0;0
900;197325;;;;3973660;"Дитячі ванночки та аксесуари";0;0
904;197393;;;;3973660;"Дитячі горщики, сидіння та накладки";0;0
3869;198199;;;;83916;"Туристичні грілки";0;0
1629;198450;;;;155548;"Комплекти меблів для ванної";0;0
1613;199412;;;;156670;"Комплектующие для фильтров кувшинов";0;0
3893;199413;;;;156672;"Угольные фильтры";0;0
1589;199414;;;;156672;"Комплексне очищення";0;0
3921;199415;;;;156672;"Пом'якшувачі води";0;0
2443;199416;;;;156672;Знезалізнювачі;0;0
806;199417;;;;149287;"Готові рішення для очищення води";0;0
4255;200388;;;;169823;"Штори та фіранки";0;0
1506;200468;;;;4660244;"Клейові пістолети та аксесуари";0;0
2092;200603;;;;80026;"Многофункциональные панели (реобасы)";0;0
3723;200643;;;;80106;"Тепла підлога";0;0
259;202253;;;;4660594;"Аксесуари до навушників";0;0
279;202284;;;;152459;"Аксесуари до садової техніки";0;0
2534;203883;;;;81202;"Оптичні прилади";0;0
2801;203893;;;;203883;"Підзорні труби";0;0
929;207451;;;;102573;"Дитячі стільці";0;0
1385;208242;;;;80106;"Інсталяційні системи";0;0
357;208243;;;;435974;"Апарати для газування";0;0
1384;209002;;;;208242;Інсталяції;0;0
1532;209003;;;;208242;"Кнопки для змиву";0;0
1600;209004;;;;208242;"Комплектуючі для інсталяції";0;0
413;210152;;;;4624900;"Батути й аксесуари";0;0
3381;212775;;;;4265798;"Слінги, рюкзаки, переноски";0;0
2965;213308;;;;169823;Підковдри;0;0
3832;217880;;;;80106;Трапи;0;0
3099;217881;;;;80106;"Решетки для трапа";0;0
298;219275;;;;132895;"Аксессуары для фитнеса";0;0
1969;219954;;;;435974;Маринатори;0;0
292;221177;;;;80015;"ТВ запчастини та обладнання";0;0
2271;224329;;;;80100;"Музичні центри та магнітоли";0;0
3022;228148;;;;4628411;"Радіатори опалення";0;0
3920;230133;;;;4627949;"Сучасний дім";0;0
2560;230134;;;;4628418;Освітлення;0;0
1873;230135;;;;230134;Лампи;0;0
2557;230409;;;;84625;"Зброя під патрон Флобера";0;0
3207;231000;;;;230134;"Светодиодные светильники";0;0
1732;232175;;;;4648950;"Котли твердопаливні";0;0
3507;232621;;;;4658582;"Чистка і догляд за зброєю";0;0
266;233445;;;;203883;"Аксесуари до оптики";0;0
391;234047;;;;4624893;"Бадмінтон, спідмінтон, сквош";0;0
3208;234332;;;;230134;"Светодиодные уличные светильники";0;0
3750;234541;;;;2394287;"Техніка захисту інформації";0;0
3205;234721;;;;230134;"Світлодіодна стрічка";0;0
3830;234955;;;;4659231;"Трансформатори для ламп";0;0
3325;235355;;;;4638335;Сигналізація;0;0
835;235372;;;;235355;Датчики;0;0
4108;235445;;;;235355;Централі;0;0
3943;235629;;;;235355;"Пристрої керування сигналізацією";0;0
5388;235736;;;;235355;Сирени;0;0
1630;236220;;;;235355;"Комплекти сигналізацій";0;0
285;236461;;;;235355;"Аксесуари до сигналізацій";0;0
974;236805;;;;4627865;Док-станції;0;0
654;237067;;;;4638335;Відеоспостереження;0;0
1437;237071;;;;237067;"Камери відеоспостереження";0;0
1623;237612;;;;237067;"Комплекти відеоспостереження";0;0
3107;237815;;;;80158;Роботи-пилососи;0;0
349;237962;;;;237067;"Антени для відеоспостереження";0;0
221;237992;;;;237067;"Аксесуари для відеоспостереження";0;0
1270;238186;;;;208242;"Застінні зливні бачки";0;0
1513;238247;;;;80079;"Климатические комплексы";0;0
1439;238600;;;;152463;Каминокомплекты;0;0
3629;238747;;;;4630027;"Сушарки для рук";0;0
1028;238749;;;;4630027;"Йоржики та стійки";0;0
552;238751;;;;4630027;"Тримачі туалетного паперу";0;0
2421;239221;;;;81202;"Мультиінструменти, ножі, точила та аксесуари";0;0
3070;239397;;;;237067;"Реєстратори для відеоспостереження";0;0
3347;241121;;;;237067;"Системи передавання відеосигналу радіоканалом";0;0
3905;241315;;;;230134;"Вуличне освітлення";0;0
4314;241576;;;;230133;Енергонезалежність;0;0
3731;242289;;;;80079;"Термометри та гігрометри";0;0
742;242290;;;;80252;"Газові конвектори";0;0
573;245547;;;;4639184;Вазони;0;0
2064;246720;;;;80192;"Микатермические обогреватели";0;0
1411;248659;;;;80260;Ялинки;0;0
1872;248894;;;;80254;Ламінатори;0;0
832;250384;;;;4658426;"Далекоміри мисливські";0;0
3467;250809;;;;81203;"Спортивные часы";0;0
4031;252133;;;;435969;Фотоепілятори;0;0
440;252454;;;;80254;"Біндери (брошурувальники)";0;0
3935;254366;;;;4660594;"Підсилювачі для навушників";0;0
2922;254834;;;;4674798;"Прилади нічного бачення";0;0
981;259632;;;;4638335;Домофони;0;0
649;259633;;;;259632;Відеодомофони;0;0
2606;260016;;;;259632;"Панелі виклику";0;0
233;260040;;;;259632;"Аксесуари до домофонів";0;0
1719;266262;;;;2324702;"Косметика для догляду для дітей";0;0
3006;266303;;;;3933312;Пустушки;0;0
3424;266309;;;;3933312;"Соски для пляшечок";0;0
564;266332;;;;3933312;Пляшечки;0;0
895;267134;;;;3933312;"Дитячий посуд";0;0
2930;267137;;;;3973653;"Речі для догляду";0;0
2111;267223;;;;4265798;Молоковідсмоктувачі;0;0
2270;267255;;;;4627893;"Музичні інструменти та обладнання";0;0
327;267256;;;;4628348;"Акустичні гітари";0;0
4277;267838;;;;4628348;Електрогітари;0;0
613;268095;;;;83882;Велошоломи;0;0
606;268120;;;;83882;Велорукавиці;0;0
610;268123;;;;83882;Велосумки;0;0
602;268129;;;;83882;Велокомп'ютери;0;0
4008;268165;;;;83882;"Фляги для велосипеда і фляготримачі";0;0
902;268764;;;;3973653;"Дитячі ваги";0;0
3728;269512;;;;3973653;Термометры;0;0
600;269513;;;;83882;Велоаксесуари;0;0
408;269618;;;;4628348;Бас-гітари;0;0
1575;270029;;;;297207;Комбопідсилювачі;0;0
917;270128;;;;3933312;"Дитячі кухонні комбайни";0;0
930;270133;;;;102573;"Детские увлажнители воздуха";0;0
787;271343;;;;297207;"Гітарні підсилювачі";0;0
784;271392;;;;297207;"Гітарні кабінети";0;0
786;271609;;;;297207;"Гітарні процесори";0;0
2659;271848;;;;297207;"Педалі ефектів";0;0
3881;272110;;;;4628551;"Тюнери, метрономи";0;0
3585;272111;;;;297207;"Струни для гітар";0;0
4165;272130;;;;84625;"Опудала для полювання";0;0
2399;272131;;;;4658540;"Навушники для стрільби";0;0
3662;272132;;;;4658540;"Тактичні окуляри і маски";0;0
176;273290;;;;4648566;Автотовари;0;0
31;273291;;;;4627858;Автозвук;0;0
392;273292;;;;81203;БАДи;0;0
1759;273293;;;;273292;Креатин;0;0
2966;273294;;;;273292;Протеїн;0;0
338;273295;;;;273292;Амінокислоти;0;0
1202;273296;;;;273292;Жироспалювачі;0;0
758;273297;;;;273292;Гейнери;0;0
289;273298;;;;81203;"Аксесуари для спортивного харчування";0;0
1536;273888;;;;169823;Коврики;0;0
2395;274390;;;;273292;"Натуральні добавки і екстракти";0;0
4141;274431;;;;4628551;"Чохли та кейси для гітар";0;0
3091;274444;;;;4628551;"Ремені для гітар";0;0
1446;274446;;;;4628551;Каподастри;0;0
2023;274478;;;;4628551;"Медіатори та слайдери";0;0
676;274789;;;;273292;"Вітаміни та мінерали";0;0
798;275389;;;;273291;"Головні пристрої";0;0
3556;275788;;;;4628551;"Стійки та тримачі";0;0
3504;275827;;;;4628551;"Засоби для догляду за гітарами";0;0
1580;275836;;;;267255;Комутацiя;0;0
178;276387;;;;273291;Автопідсилювачі;0;0
3529;276475;;;;161187;Стеллажи;0;0
78;276545;;;;273291;"Автомобильные сабвуферы";0;0
76;276545;;;;273291;"Автомобільні сабвуфери";0;0
25;276889;;;;273291;Автоакустика;0;0
172;277644;;;;4627858;Автосвітло;0;0
967;277726;;;;277644;"Денні ходові вогні";0;0
41;278086;;;;277644;Автолампи;0;0
169;278246;;;;273290;Автооборудование;0;0
1882;278247;;;;1735862;"Лебідки автомобільні";0;0
39;278510;;;;278246;Автокомпрессоры;0;0
37;278510;;;;1735862;Автокомпресори;0;0
2630;278669;;;;280596;"Паркувальні системи";0;0
173;278818;;;;4654510;Автосигналізації;0;0
38;279061;;;;4659568;Автокосметика;0;0
209;280066;;;;273291;"Аксесуари для автозвуку";0;0
187;280596;;;;4627858;Автоелектроніка;0;0
67;280598;;;;280596;"Автомобильные мониторы";0;0
66;280598;;;;280596;"Автомобільні монітори";0;0
983;281618;;;;277644;"Додаткові фари";0;0
2339;282136;;;;169823;Наволочки;0;0
99;283322;;;;80100;AV-ресивери;0;0
1772;283604;;;;4658426;"Кріплення для прицілів";0;0
1502;284865;;;;267255;"Клавішні інструменти";0;0
4123;284868;;;;284865;"Цифрові піаніно";0;0
162;285755;;;;284865;MIDI-клавиатуры;0;0
163;285755;;;;284865;MIDI-клавиатуры;0;0
161;285755;;;;284865;MIDI-клавіатури;0;0
3663;285977;;;;4674798;"Тактичні ручки";0;0
3332;286764;;;;284865;Синтезатори;0;0
4199;286920;;;;4633585;"Скриньки та коробки для годинників";0;0
1993;287558;;;;4628495;"Масажні столи";0;0
241;288856;;;;284865;"Аксесуари до клавішних";0;0
2045;288987;;;;163983;"Металеві тумби";0;0
1374;288988;;;;163983;"Индивидуальные шкафы кассира";0;0
2047;288989;;;;163983;"Металеві шафи для одягу";0;0
4202;288990;;;;163983;"Шафи архівні";0;0
4204;288991;;;;163983;"Шафи для картотеки";0;0
566;288992;;;;163983;"Бухгалтерські шафи (сейфи)";0;0
3341;290824;;;;4638335;"Системи захисту від протікання та заливання";0;0
3428;290825;;;;4658582;"Сошки й упори для стрільби";0;0
3482;290826;;;;4658540;"Засоби для маскування";0;0
3903;294194;;;;4628348;Укулеле;0;0
833;294491;;;;4624893;Дартс;0;0
3894;295852;;;;267255;"Ударні інструменти";0;0
3895;295853;;;;295852;"Ударні установки";0;0
4292;296534;;;;295852;"Електронні ударні";0;0
3465;296551;;;;4624907;"Спортивні сумки та чохли";0;0
2677;296822;;;;295852;Перкусія;0;0
1005;296831;;;;267255;"Духові інструменти";0;0
827;296832;;;;296831;"Губні гармошки";0;0
234;297035;;;;296831;"Аксесуари до духових інструментів";0;0
2700;297113;;;;296831;"Піаніки (мелодики)";0;0
789;297207;;;;267255;"Гітари та обладнання";0;0
296;297376;;;;295852;"Аксесуари до ударних";0;0
2937;297931;;;;267255;Про-аудіо;0;0
322;297932;;;;80100;"Активні акустичні системи";0;0
3588;297933;;;;80100;"Студійні монітори";0;0
1286;298222;;;;267255;Звукозапис;0;0
3026;298223;;;;298222;Радіосистеми;0;0
2324;298224;;;;3423154;"Набори інструментів";0;0
2069;298449;;;;298222;"Мікрофонні аксесуари";0;0
2070;298870;;;;298222;"Мікрофонні передпідсилювачі та процесори ефектів";0;0
2074;299290;;;;297931;"Мікшерні пульти";0;0
1354;299356;;;;273292;Ізотоніки;0;0
1852;299910;;;;169823;"Текстиль для кухні та столу";0;0
342;301871;;;;4435366;"Амуніція та аксесуари для собак";0;0
4144;305219;;;;80256;"Чохли для планшетів";0;0
111;306401;;;;267255;"DJ оборудование";0;0
112;306401;;;;267255;"DJ оборудование";0;0
110;306401;;;;267255;DJ-обладнання;0;0
107;306402;;;;306401;"DJ-контролери та комплекти";0;0
109;306909;;;;306401;"DJ микшеры";0;0
108;306909;;;;306401;DJ-мікшери;0;0
3399;306949;;;;267255;"Смичкові інструменти";0;0
345;307032;;;;80079;Анемометри;0;0
117;307438;;;;306401;"DJ процессоры эффектов";0;0
118;307438;;;;306401;"DJ процессоры эффектов";0;0
116;307438;;;;306401;"DJ-процесори ефектів";0;0
288;307539;;;;306949;"Аксесуари до смичкових";0;0
879;307619;;;;296831;"Дерев'яні духові";0;0
114;307938;;;;306401;"DJ проигрыватели";0;0
115;307938;;;;306401;"DJ проигрыватели";0;0
113;307938;;;;306401;DJ-програвачі;0;0
653;313471;;;;83033;Видеомаски;0;0
980;329355;;;;1735862;Домкрати;0;0
3452;329445;;;;4670071;Ортези;0;0
2953;330015;;;;4672478;"Програвачі вінілу";0;0
410;330635;;;;81203;"Басейн і аквафітнес";0;0
2593;330650;;;;330635;"Окуляри для плавання";0;0
4170;330655;;;;330635;"Шапочки для плавання";0;0
1881;330660;;;;330635;"Ласты для бассейна";0;0
425;330670;;;;330635;"Беруші (бервуха) та затискачі для носа";0;0
1676;338565;;;;116671;Ковзани;0;0
2912;341460;;;;273292;"Передтренувальні комплекси";0;0
222;342085;;;;4672478;"Аксесуари для вінілу";0;0
5634;344290;;;;83850;"Знижені в ціні музичні інструменти";0;0
4064;346015;;;;169823;"Футони та топери";0;0
4363;347440;;;;284865;Акордеони;0;0
3539;350560;;;;297931;Стереопідсилювачі;0;0
216;357735;;;;330635;"Аксесуари для басейну та аквафітнесу";0;0
2477;357820;;;;330635;"Обувь для бассейна";0;0
2415;368610;;;;80260;"Новорічний декор";0;0
5624;375575;;;;83850;"Знижені в ціні домашні кінотеатри та музичні центри";0;0
870;375695;;;;2394287;"Декор для дому";0;0
587;380125;;;;80137;"Варильні поверхні комбіновані";0;0
3924;387969;;;;4674582;"Універсальні мобільні батареї";0;0
2569;388104;;;;80079;"Осушувачі повітря";0;0
801;394739;;;;116671;"Взуття для зимових видів спорту";0;0
1943;394754;;;;116671;"Лижні палиці";0;0
802;394759;;;;116671;"Гірськолижні шоломи";0;0
3406;394764;;;;116671;"Сноуборди та кріплення";0;0
1981;396364;;;;116671;"Маски гірськолижні";0;0
504;397924;;;;116671;"Ботинки для сноуборда";0;0
1773;397929;;;;116671;"Крепления для сноубордов";0;0
3400;400989;;;;116671;Снігоступи;0;0
3518;415074;;;;84625;"Стартові пістолети";0;0
1804;428109;;;;277644;Ксенон;0;0
3788;435964;;;;80077;"Товари для догляду за домом і одягом";0;0
1756;435969;;;;80077;"Краса, здоров'я, догляд";0;0
3749;435974;;;;80077;"Техніка для кухні";0;0
2918;437989;;;;435969;"Прилади для манікюру та педикюру";0;0
1319;437994;;;;435969;"Зубні щітки, іригатори та насадки";0;0
3774;445999;;;;84625;"Товары для охоты";0;0
3963;447849;;;;4658390;Фальш-патрони;0;0
2646;449744;;;;4658582;"Патронташі та погонні ремені";0;0
326;451989;;;;80100;"Акустика Hi-Fi";0;0
2088;453199;;;;4658582;"Мішені та тири";0;0
4149;454024;;;;4658582;"Чохли та кейси для зброї";0;0
2476;458425;;;;1162030;Взуття;0;0
5603;458510;;;;83850;"Знижена в ціні велика побутова техніка";0;0
5600;458515;;;;83850;"Знижена в ціні вбудована техніка";0;0
5604;458520;;;;83850;"Знижена в ціні дрібна побутова техніка";0;0
5601;458525;;;;83850;"Знижена в ціні кліматична техніка";0;0
5608;458535;;;;83850;"Знижений в ціні посуд для кухні";0;0
5653;458555;;;;83850;"Знижені в ціні товари для освітлення";0;0
5609;458770;;;;83850;"Знижена в ціні сантехніка";0;0
232;519865;;;;80100;"Аксесуари до домашніх кінотеатрів";0;0
3391;651392;;;;4660587;Смарт-годинники;0;0
202;654239;;;;4628124;"Акумулятори та батарейки";0;0
3835;689339;;;;83916;"Трекінгові палиці";0;0
4152;717989;;;;84703;"Чохли та тубуси";0;0
2155;721654;;;;458425;"Чоловіче взуття";0;0
1041;721659;;;;458425;"Жіноче взуття";0;0
2478;721664;;;;1158130;"Взуття для дівчаток";0;0
2480;721669;;;;1158130;"Взуття для хлопчиків";0;0
4329;723119;;;;4659477;"Ювелірні прикраси";0;0
1303;723934;;;;723119;"Золотые и платиновые украшения";0;0
1298;723939;;;;723934;"Золотые браслеты";0;0
513;723944;;;;723939;"Браслеты на ногу";0;0
1061;723949;;;;723939;"Женские браслеты";0;0
2167;723954;;;;723939;"Мужские браслеты";0;0
527;723959;;;;723934;Броши;0;0
1297;723964;;;;723934;"Золотые аксессуары";0;0
1299;723969;;;;723964;"Золотые булавки и заколки";0;0
1300;723974;;;;723964;"Золотые зажимы для галстука";0;0
1301;723979;;;;723964;"Золотые запонки";0;0
1304;723984;;;;723934;"Золотые колье";0;0
1554;723994;;;;723984;"Колье с сердечками";0;0
3545;723999;;;;723984;"Стильные колье";0;0
1305;724004;;;;723934;"Золотые кольца";0;0
909;724009;;;;724004;"Детские кольца";0;0
1096;724014;;;;724004;"Женские кольца";0;0
3119;724019;;;;724004;"Романтические кольца";0;0
1561;724024;;;;724004;"Кольца для помолвки";0;0
2198;724029;;;;724004;"Мужские кольца";0;0
2475;724034;;;;724004;"Обручальные кольца";0;0
1306;724039;;;;723934;"Золотые кулоны";0;0
915;724044;;;;724039;"Детские кулоны";0;0
1106;724049;;;;724039;"Женские кулоны";0;0
1811;724054;;;;724039;Кулоны-буквы;0;0
1816;724059;;;;724039;"Кулоны-знаки зодиака";0;0
1822;724064;;;;724039;Кулоны-ладанки;0;0
1819;724069;;;;724039;Кулоны-иудаика;0;0
1820;724074;;;;724039;Кулоны-крестики;0;0
1824;724079;;;;724039;Кулоны-сердечки;0;0
2209;724084;;;;724039;"Мужские кулоны";0;0
2719;724089;;;;723934;Пирсинг;0;0
1308;724094;;;;723934;"Золотые серьги";0;0
926;724099;;;;724094;"Детские серьги";0;0
2241;724104;;;;724094;"Мужские серьги";0;0
3303;724109;;;;724094;"Серьги с английским/омега замком";0;0
3306;724114;;;;724094;"Серьги с подвесками";0;0
3296;724119;;;;724094;"Серьги-гвоздики (пуссеты)";0;0
3301;724124;;;;724094;"Серьги-Конго (кольца)";0;0
3305;724129;;;;724094;Серьги-сердечки;0;0
4112;724139;;;;723934;Цепи;0;0
1178;724144;;;;723119;Ланцюжки;0;0
2262;724149;;;;724139;"Мужские цепи";0;0
3596;729869;;;;80019;"СУБД (системы управления базами данных)";0;0
990;742864;;;;2460412;"Дошки, фліпчарти";0;0
661;753369;;;;753364;Визитницы;0;0
1018;753374;;;;753364;Ежедневники;0;0
2367;753379;;;;753364;"На рабочий стол";0;0
212;753399;;;;4626923;"Аксессуары для алкоголя";0;0
246;753404;;;;753394;"Аксессуары для курения";0;0
669;753409;;;;753394;"Винные наборы";0;0
793;753419;;;;753394;Глобус-бары;0;0
2879;753434;;;;4638615;Портсигары;0;0
4101;753444;;;;753394;Хьюмидоры;0;0
516;753454;;;;753449;Брелки;0;0
544;753459;;;;753449;"Булавки и заколки";0;0
554;753464;;;;753449;Бумажники;0;0
1223;753469;;;;753449;"Зажимы для галстука";0;0
1224;753474;;;;753449;"Зажимы для денег";0;0
1236;753479;;;;753449;Запонки;0;0
1292;753484;;;;753449;Зеркальца;0;0
1311;753489;;;;753449;Зонты.;0;0
1524;753494;;;;753449;Ключницы.;0;0
2035;753499;;;;753449;Мелочники;0;0
2445;753504;;;;753449;"Обложки для документов.";0;0
3044;753509;;;;753449;"Раскладные ножи";0;0
3090;753514;;;;753449;Ремни;0;0
4011;753524;;;;753449;Фонари;0;0
4176;753529;;;;753449;"Шарфы и платки.";0;0
496;753539;;;;753534;Борсетки;0;0
987;753544;;;;753534;"Дорожні сумки";0;0
1505;753549;;;;753534;Клатчі;0;0
1723;753554;;;;753534;Косметички;0;0
2218;753559;;;;753534;"Мужские несессеры";0;0
2880;753564;;;;753534;Портфелі;0;0
3147;753569;;;;753534;Рюкзаки.;0;0
3609;753574;;;;753534;"Сумки женские";0;0
3614;753579;;;;753534;"Сумки мужские";0;0
3287;753584;;;;723119;"Серебряные украшения";0;0
3276;753589;;;;753584;"Серебряные браслеты";0;0
103;753594;;;;753589;Charm-браслеты;0;0
104;753594;;;;753589;Charm-браслеты;0;0
1059;753599;;;;723119;Браслети;0;0
2169;753604;;;;753589;"Мужские браслеты";0;0
2304;753609;;;;753589;"Наборные подвески (стиль Пандоры)";0;0
528;753614;;;;753584;Броши;0;0
3280;753619;;;;753584;"Серебряные колье";0;0
1094;753624;;;;723119;Кольє;0;0
2196;753629;;;;753619;"Мужские колье";0;0
3281;753634;;;;753584;"Серебряные кольца";0;0
1148;753639;;;;723119;Каблучки;0;0
2239;753644;;;;753634;"Мужские серебряные кольца";0;0
3282;753649;;;;753584;"Серебряные кулоны";0;0
1107;753654;;;;723119;"Підвіски і кулони";0;0
1817;753659;;;;753649;Кулоны-иконы;0;0
1821;753664;;;;753649;Кулоны-крестики;0;0
3278;753669;;;;753584;"Серебряные запонки";0;0
3285;753674;;;;753584;"Серебряные серьги";0;0
3304;753679;;;;723119;Сережки;0;0
3307;753684;;;;753674;"Серьги с подвесками";0;0
3295;753689;;;;753674;Серьги-гвоздики;0;0
3297;753694;;;;753674;Серьги-клипсы;0;0
3299;753699;;;;753674;Серьги-кольца;0;0
3619;753704;;;;753584;"Суперцена -40/50%";0;0
1177;753709;;;;4629842;"Женские цепи";0;0
258;753729;;;;80260;"Аксесуари для настільних ігор";0;0
2314;753734;;;;753719;"Набори для гольфу";0;0
2320;753744;;;;80260;"Набори для покеру";0;0
3456;753749;;;;80260;"Спортивні ігри";0;0
1355;753759;;;;753754;Иконы;0;0
4118;753764;;;;753754;"Церковная утварь";0;0
4307;753769;;;;753814;"Элитная посуда";0;0
480;753774;;;;753769;"Бокалы, рюмки";0;0
812;753779;;;;753769;"Графины, кувшины";0;0
2889;753784;;;;753769;"Посуда для детей";0;0
3272;753789;;;;753769;"Сервизы и наборы";0;0
3558;753794;;;;753769;"Столовая посуда";0;0
3288;753799;;;;753769;"Серебряные фляги";0;0
3559;753804;;;;753769;"Столовые приборы";0;0
4134;753809;;;;753769;"Чашки, кружки";0;0
4309;753814;;;;723119;"Элитные подарки";0;0
522;753819;;;;753814;Бриллианты;0;0
2909;753844;;;;753814;"Предметы искусства";0;0
4062;753854;;;;753814;"Футляры для изделий";0;0
4198;753859;;;;4659477;"Футляри та органайзери для ювелірних виробів";0;0
4308;753864;;;;753814;"Элитные книги";0;0
4335;753874;;;;753814;"Янтарь самородок";0;0
4306;753879;;;;723119;"Элитная бижутерия";0;0
510;753884;;;;753879;Браслеты;0;0
1060;753889;;;;753884;"Женские браслеты";0;0
2168;753894;;;;753884;"Мужские браслеты";0;0
1553;753899;;;;753879;"Колье / Подвески";0;0
1095;753904;;;;753899;"Женские колье и кулоны";0;0
2197;753909;;;;753899;"Мужские колье и кулоны";0;0
1555;753914;;;;753879;Кольца;0;0
1097;753919;;;;753914;"Женские кольца";0;0
2199;753924;;;;753914;"Мужские кольца";0;0
3298;753929;;;;753879;"Серьги / Клипсы";0;0
1516;753934;;;;753929;Клипсы;0;0
3005;753939;;;;753929;Пуссеты-гвоздики;0;0
3308;753944;;;;753929;"Серьги с подвесками";0;0
3300;753949;;;;753929;Серьги-кольца;0;0
3672;753954;;;;753879;"Тату Swarovski";0;0
405;754399;;;;80254;"Банковское оборудование";0;0
3635;754404;;;;4625256;"Лічильники банкнот і детектори валют";0;0
200;983164;;;;81499;"Акумулятори до радіокерованих моделей";0;0
3602;1084784;;;;84703;"Сувеніри та подарунки для мисливців і рибалок";0;0
3499;1086704;;;;4650405;"Засоби від комах";0;0
2500;1087699;;;;2033137;"Одяг для мисливців і рибалок";0;0
526;1100234;;;;4658540;Бронежилети;0;0
1479;1124685;;;;81499;Квадрокоптери;0;0
3700;1127295;;;;723939;"Теннисные браслеты";0;0
785;1131230;;;;297207;"Гітарні комплектуючі";0;0
3506;1136315;;;;458425;"Засоби для догляду за взуттям";0;0
4214;1136460;;;;4633561;"Школьная форма";0;0
2152;1136470;;;;1162070;"Чоловічий верхній одяг";0;0
264;1138360;;;;458425;"Аксесуари до взуття";0;0
892;1158130;;;;458425;"Дитяче взуття";0;0
2505;1162030;;;;0;"Одяг, взуття та аксесуари";0;0
2494;1162060;;;;2033137;"Одяг для жінок";0;0
2499;1162070;;;;2033137;"Одяг для чоловіків";0;0
1333;1183125;;;;100820;"Іграшки для колясок і автокрісел";0;0
708;1187935;;;;2460422;"Все для школы";0;0
1281;1224020;;;;80256;"Захисні плівки для ноутбуків";0;0
3284;1227125;;;;723119;"Комплекти прикрас";0;0
2307;1227210;;;;753879;"Наборы бижутерии";0;0
2640;1230965;;;;80111;"Пасивне мережеве обладнання";0;0
2497;1230990;;;;4633561;"Одяг для малюків";0;0
604;1231005;;;;83882;Велоодяг;0;0
2877;1231010;;;;83916;"Портативные и солнечные зарядные устройства";0;0
2503;1285358;;;;1162030;"Одежда и обувь для спорта";0;0
2493;1285573;;;;4633561;"Одяг для дівчаток";0;0
2498;1290392;;;;4633561;"Одяг для хлопчиків";0;0
4162;1307412;;;;724139;"Чокеры, шнурки на шею";0;0
228;1315537;;;;4630220;"Аксесуари для дітей";0;0
3606;1321132;;;;4630220;Сумки;0;0
3375;1327977;;;;80706;"Комплектуючі для змішувачів";0;0
3937;1350182;;;;4660034;"Гарантійні сервіси та обслуговування БТ";0;0
3919;1396567;;;;230134;"Умные светильники";0;0
1696;1461202;;;;4626063;"Корм для собак";0;0
1692;1461212;;;;4626068;"Корм для кішок";0;0
43;1527297;;;;4659568;Автомасла;0;0
42;1527297;;;;4659568;"Оливи і мастила";0;0
196;1554082;;;;80026;"Акумулятори та аксесуари для ДБЖ";0;0
1487;1564297;;;;80192;"Керамічні панелі";0;0
96;1593467;;;;4672483;3D-пристрої;0;0
938;1658277;;;;4633561;"Дитяча термобілизна";0;0
4159;1673012;;;;4656398;Чип-тюнінг;0;0
3279;1711852;;;;753769;"Серебряные ионизаторы";0;0
4078;1723657;;;;4625734;"Хобі, рукоділля і творчість";0;0
1700;1726702;;;;4626078;"Годівниці та гнізда для диких птахів";0;0
3957;1733782;;;;84625;"Уцінена зброя";0;0
3754;1735862;;;;4627858;Техдопомога;0;0
820;1742727;;;;161187;"Вантажопідіймальне обладнання";0;0
1698;1752177;;;;4649961;Кормоподрібнювачі;0;0
3206;1767552;;;;368610;"Світлодіодні гірлянди";0;0
5605;1827182;;;;83850;"Знижені в ціні одяг, взуття та аксесуари";0;0
1721;1940607;;;;435969;"Косметологічні прилади";0;0
898;1942007;;;;723939;"Детские браслеты";0;0
4331;1948582;;;;435974;Яйцеварки;0;0
2506;2028477;;;;1162030;"Одяг, взуття та аксесуари для дітей";0;0
2492;2033137;;;;1162030;Одяг;0;0
1718;2048367;;;;4629305;"Косметика та парфумерія";0;0
4903;2048492;;;;2236222;"Косметика для очей";0;0
3945;2048497;;;;2324702;"Догляд за волоссям";0;0
3419;2048517;;;;2324702;"Сонцезахисні засоби";0;0
2638;2048522;;;;2048367;Парфумерія;0;0
205;2048527;;;;2236222;"Аксесуари для макіяжу";0;0
4904;2048592;;;;2236222;"Косметика для губ";0;0
4905;2048597;;;;2236222;"Косметика для обличчя";0;0
854;2048602;;;;4629305;"Манікюр і педикюр";0;0
3949;2048732;;;;2324702;"Догляд за обличчям";0;0
3954;2048742;;;;2324702;"Догляд за тілом";0;0
3953;2048752;;;;2324702;"Догляд за руками";0;0
3387;2095652;;;;3933312;"Слинявчики та нагрудники";0;0
3952;2099087;;;;2324702;"Догляд за порожниною рота ";0;0
3611;2101392;;;;4658540;"Тактичні сумки та підсумки";0;0
3159;2110432;;;;4625304;"Садове приладдя";0;0
3246;2117537;;;;4639192;"Насіння овочів";0;0
3231;2117557;;;;4639192;"Насіння газонних трав";0;0
3897;2117562;;;;4639184;Добрива;0;0
3261;2117592;;;;4639192;"Насіння квітів";0;0
3251;2117607;;;;2117537;"Насіння помідорів";0;0
3228;2117612;;;;2117537;"Насіння баклажанів";0;0
3257;2117617;;;;2117537;"Насіння буряка";0;0
3259;2117622;;;;2117537;"Насіння гарбуза";0;0
3234;2117627;;;;2117537;"Насіння дині";0;0
3236;2117632;;;;2117537;"Насіння кабачків";0;0
3227;2117637;;;;2117537;"Насіння кавуна";0;0
3237;2117642;;;;2117537;"Насіння капусти";0;0
2665;2118637;;;;435974;Пінозбивальники;0;0
3229;2121117;;;;4639192;"Насіння бобових культур";0;0
3247;2121122;;;;2117537;"Насіння огірків";0;0
3252;2121127;;;;4639192;"Насіння пряних і зелених трав";0;0
3256;2121132;;;;2117537;"Насіння салату";0;0
3241;2121137;;;;2117537;"Насіння цибулі";0;0
3253;2121142;;;;2117537;"Насіння редиски";0;0
3245;2121152;;;;2117537;"Насіння моркви";0;0
3250;2121157;;;;2117537;"Насіння перцю";0;0
3263;2121167;;;;4639192;"Насіння ягід";0;0
3702;2121177;;;;4625304;Теплиці;0;0
3318;2121182;;;;4625304;"Сітки садові";0;0
2892;2183122;;;;3520929;"Посуд для тварин";0;0
1849;2225047;;;;80706;"Змішувачі для кухні";0;0
3695;2234872;;;;80257;Телефония;0;0
853;2236222;;;;2048367;"Декоративна косметика";0;0
1714;2324702;;;;2048367;"Доглядова косметика";0;0
2292;2335747;;;;84703;"М'які приманки";0;0
2362;2336637;;;;3866931;"Наповнювачі туалетів";0;0
1800;2336707;;;;84703;Гачки;0;0
2402;2336782;;;;4674669;"Спідня білизна для жінок";0;0
1711;2336787;;;;2336782;"Коригувальна білизна для жінок";0;0
572;2336792;;;;2336782;Бюстгальтери;0;0
472;2336797;;;;2336782;Боді;0;0
1713;2336802;;;;2336782;Бюстьє;0;0
1953;2336807;;;;2336782;"Натільні майки і футболки жіночі";0;0
1619;2336812;;;;2336782;"Комплекти білизни";0;0
3407;2336817;;;;2336782;"Соблазнительное белье";0;0
1167;2336822;;;;2336782;"Жіночі трусики";0;0
2156;2337942;;;;1162030;"Чоловічий одяг, взуття та аксесуари";0;0
1042;2337947;;;;1162030;"Жіночий одяг, взуття та аксесуари";0;0
2403;2349087;;;;4674669;"Спідня білизна для чоловіків";0;0
2254;2349092;;;;2349087;"Труси чоловічі";0;0
1954;2349097;;;;2349087;"Натільні майки і футболки чоловічі";0;0
2660;2354842;;;;3973646;Пелюшки;0;0
260;2368227;;;;2336782;"Аксесуари до спідньої білизни";0;0
3450;2371617;;;;2336782;"Спортивное белье";0;0
420;2371622;;;;2336782;"Білизна для вагітних і мам";0;0
3768;2394287;;;;0;"Товари для дому";0;0
839;2394297;;;;0;"Дача, сад, город";0;0
3990;2448902;;;;196462;"Фильтры от накипи для котлов";0;0
1444;2460392;;;;4625734;Канцелярія;0;0
553;2460397;;;;2460392;"Паперова продукція";0;0
377;2460402;;;;2460392;"Архівування та діловодство";0;0
2722;2460407;;;;2460392;"Письмове приладдя";0;0
2581;2460412;;;;2460392;"Офісне приладдя";0;0
2913;2460417;;;;2460392;"Премиум канцелярия, бизнес-подарки";0;0
4217;2460422;;;;2460392;"Шкільне приладдя та творчість";0;0
570;2484967;;;;82411;"Газові балони і комплектуючі";0;0
2925;2503997;;;;84703;"Прикорм і насадки";0;0
3801;2504002;;;;4656464;"Тонувальні плівки";0;0
548;2514837;;;;2460397;"Папір для фліпчарту";0;0
1019;2514847;;;;2460397;Щоденники;0;0
466;2514852;;;;2460397;"Блокноти, зошити офісні";0;0
3961;2514857;;;;2460402;Файли;0;0
2612;2514862;;;;2581722;"Папки пластикові";0;0
660;2514867;;;;2460402;Визитницы;0;0
418;2514872;;;;2460402;Бейджі;0;0
4251;2514877;;;;2460402;"Штемпельна продукція";0;0
550;2514882;;;;2460397;"Папір офісний";0;0
551;2514887;;;;2460397;"Папір спеціальний";0;0
456;2514892;;;;2460397;"Бланки та журнали обліку";0;0
1645;2514897;;;;2460397;Конверти;0;0
546;2514902;;;;2460397;"Папір для нотаток";0;0
3157;2551592;;;;4625304;"Садові огорожі";0;0
2903;2552867;;;;2336782;"Пояса и подвязки";0;0
1453;2560752;;;;2460407;Олівці;0;0
3132;2560757;;;;2460407;Ручки;0;0
1970;2560762;;;;2460407;Маркери;0;0
3540;2560767;;;;2460407;"Стрижні, грифелі, чорнило";0;0
1712;2560782;;;;2460407;Коректори;0;0
3138;2560787;;;;2460407;"Перові ручки та ролери";0;0
2389;2560792;;;;2460417;"Настольные наборы премиум";0;0
998;2560807;;;;4627311;"Другие бизнес-подарки";0;0
1931;2560812;;;;2460412;"Лотки для паперів";0;0
1684;2560817;;;;2460412;"Корзины для бумаг";0;0
2819;2560822;;;;2460412;"Подставки для принадлежностей";0;0
2388;2560827;;;;2460412;"Настільні органайзери";0;0
3886;2560832;;;;2460412;"Зволожувачі для пальців";0;0
2430;2560837;;;;2460412;"Канцелярські ножиці";0;0
2422;2560842;;;;2460412;"Ножі канцелярські";0;0
3538;2560847;;;;2460412;Степлери;0;0
1014;2560852;;;;2460412;Діркопробивачі;0;0
1900;2560857;;;;2460412;Линейки;0;0
1507;2560862;;;;2460412;Клей;0;0
1508;2560867;;;;2460412;"Клейка стрічка, скотч, стрейч плівка";0;0
3078;2560872;;;;2460412;"Гумки для грошей";0;0
4120;2560877;;;;2460412;"Циркули, готовальни";0;0
1940;2560882;;;;2460412;Лупы;0;0
1432;2560887;;;;2460412;Калькулятори;0;0
1948;2560892;;;;2460412;"Магніти для дошок та аксесуари";0;0
1396;2577232;;;;0;"Інструменти й обладнання";0;0
2615;2581722;;;;2460402;Папки;0;0
2613;2581727;;;;2581722;Папки-портфелі;0;0
2614;2581732;;;;2581722;Папки-реєстратори;0;0
2611;2581737;;;;2581722;Папки-планшети;0;0
2610;2581742;;;;2581722;"Папки и файлы подвесные";0;0
936;2586292;;;;3933312;"Дитяче харчування";0;0
927;2586302;;;;2586292;"Дитячі суміші";0;0
907;2586312;;;;2586292;"Дитячі каші";0;0
937;2586332;;;;2586292;"Дитяче пюре";0;0
928;2586337;;;;2586292;"Дитячі соки та напої";0;0
4126;2586342;;;;2586292;"Чаї для дітей / чаї для мам-годувальниць";0;0
890;2586347;;;;4625018;"Детская вода";0;0
935;2586352;;;;2586292;"Дитяче печиво та батончики";0;0
2617;2595767;;;;2581722;"Папки з файлами";0;0
380;2628092;;;;80258;"Аудио, домашние кинотеатры";0;0
3802;2635172;;;;81230;Тонометри;0;0
1827;2641167;;;;3496597;Купальники;0;0
180;2659527;;;;4659568;Автохімія;0;0
3033;2660622;;;;2460402;"Роздільники та закладки";0;0
378;2666302;;;;2581722;"Архівні короби і бокси";0;0
371;2678297;;;;279061;"Ароматизатори у авто";0;0
2391;2678302;;;;2460412;"Настільні підкладки";0;0
1530;2678307;;;;2460412;"Канцелярскі кнопки";0;0
19;2707657;;;;4659231;Абажури;0;0
171;2769487;;;;4643616;Автоприладдя;0;0
1371;2776042;;;;81230;Інгалятори;0;0
2774;2795012;;;;84703;Повідці;0;0
626;2795037;;;;84703;"Вертлюги та застібки";0;0
2442;2796732;;;;4671541;"Обідні столи";0;0
1206;2798167;;;;4671541;"Журнальні столи";0;0
1349;2798747;;;;2577232;"Вимірювально-розмічувальний інструмент";0;0
2112;2798752;;;;3423154;Молотки;0;0
1314;2798757;;;;3423154;"Зубило, керн, пробійник";0;0
2571;2798762;;;;3423154;Викрутки;0;0
4173;2798772;;;;3423154;"Шарнірно-губцевий інструмент";0;0
1522;2798782;;;;3423154;"Гайкові ключі";0;0
3074;2798792;;;;3423154;"Різальний інструмент";0;0
1221;2798802;;;;3423154;Струбцини;0;0
3537;2798807;;;;3423154;"Степлери будівельні";0;0
1388;2798812;;;;3423154;"Малярський інструмент";0;0
2446;2798822;;;;2460422;"Обкладинки для зошитів і підручників";0;0
4103;2798827;;;;4034476;"Кольорові олівці";0;0
2431;2798832;;;;2460422;"Ножницы школьные";0;0
3500;2798842;;;;3510436;"Засоби індивідуального захисту";0;0
549;2841107;;;;2460397;"Бумага копировальная";0;0
4323;2844942;;;;2460397;"Cамоклейні етикетки";0;0
3177;2898382;;;;2514877;Штампи;0;0
4252;2898387;;;;2514877;"Штемпельні фарби та подушки";0;0
675;2986023;;;;4675019;"Вітаміни та добавки для тварин";0;0
3748;2986072;;;;2460422;"Зошити учнівські";0;0
2662;2986086;;;;2460422;Пенали;0;0
2769;3040770;;;;4674669;"Пляжні шорти та плавки";0;0
3152;3130405;;;;4670676;"Садові меблі";0;0
3374;3159805;;;;2460412;Скріпки;0;0
1229;3159840;;;;2460422;"Закладки, расписания, подложки";0;0
4102;3180462;;;;2460397;"Кольоровий папір і картон";0;0
467;3193699;;;;2460422;"Блокноты школьные";0;0
1693;3246797;;;;4626078;"Корм для птахів";0;0
2817;3294880;;;;2460422;"Підставки для книг";0;0
335;3302600;;;;2460422;"Альбоми для малювання";0;0
3385;3303825;;;;81230;"Слухові апарати";0;0
2766;3308284;;;;3496597;"Пляжний одяг";0;0
473;3360588;;;;2048367;Бодіарт;0;0
192;3410715;;;;3520929;Акваріуми;0;0
3139;3423154;;;;2577232;"Ручний інструмент";0;0
2741;3425933;;;;2460422;Пластилін;0;0
1351;3427655;;;;3423154;"Ізоляційні матеріали";0;0
2453;3429643;;;;3520929;"Обладнання для акваріумів, тераріумів і ставків";0;0
1695;3429664;;;;4626083;"Корм для риб";0;0
1694;3429671;;;;4626088;"Корм для рептилій";0;0
4072;3429811;;;;4626544;"Хімія для ставків";0;0
1332;3439219;;;;3520929;"Іграшки для тварин";0;0
2449;3441354;;;;3429643;"Обігрів та охолодження";0;0
2561;3441361;;;;3429643;"Освітлення для акваріумів і тераріумів";0;0
1639;3441375;;;;3429643;"Компресори та помпи";0;0
3978;3441389;;;;3429643;"Фільтри для акварiумiв";0;0
1350;3441396;;;;3429643;"Измерительные приборы";0;0
3745;3441403;;;;3429643;"Тесты, контроллеры";0;0
823;3441410;;;;3429643;"Ґрунти та субстрати для акваріума";0;0
306;3441417;;;;3429643;"Аксесуари до акваріумного обладнання";0;0
1671;3487833;;;;4629728;"Контрольно-вимірювальні прилади";0;0
3637;3488218;;;;3487833;"Лічильники води";0;0
808;3495043;;;;4034476;Гравюри;0;0
1752;3495057;;;;2460422;Краски;0;0
2003;3495687;;;;435964;"Машинки для відстригання ковтунців";0;0
1830;3496597;;;;4674669;"Купальники та пляжний одяг";0;0
1690;3501231;;;;4626073;"Корм для гризунів";0;0
1511;3501273;;;;3520929;"Клітки для птахів і гризунів";0;0
46;3502659;;;;3487833;"Автоматы защиты от перепадов напряжения";0;0
47;3502659;;;;3487833;"Автоматы защиты от перепадов напряжения";0;0
45;3504836;;;;4628418;"Автоматика ворот";0;0
44;3504836;;;;4650417;"Автоматика воріт";0;0
3956;3504864;;;;3520929;"Догляд та гігієна";0;0
3066;3510436;;;;2577232;"Витратний матеріал до інструменту та приладдя";0;0
3366;3510471;;;;3510436;Скоби;0;0
2058;3510478;;;;3510436;"Мітчики та плашки";0;0
2647;3510485;;;;3510436;"Патрони та перехідники";0;0
203;3510492;;;;4660244;"Акумулятори та зарядні пристрої для інструменту і садової техніки";0;0
3565;3510499;;;;3510436;"Столи, стійки, насадки";0;0
3199;3510506;;;;3510436;Свердла;0;0
453;3510520;;;;3510436;"Біти для шуруповерта";0;0
557;3510534;;;;3510436;Бури;0;0
954;3510548;;;;3510436;Диски;0;0
4228;3510555;;;;3510436;"Шліфувальні елементи";0;0
2713;3510562;;;;3510436;"Пиляльні полотна";0;0
4035;3510569;;;;3510436;Фрези;0;0
1313;3510583;;;;3510436;"Зубила, піки";0;0
1705;3510590;;;;3510436;"Корончасті свердла";0;0
3474;3512690;;;;4629305;"Засоби для гоління";0;0
1312;3520929;;;;2394287;Зоотовари;0;0
707;3538219;;;;1162030;"Все для пляжа";0;0
4081;3547641;;;;2394287;"Господарський інвентар";0;0
4216;3551855;;;;2460422;"Шкільні портфелі та папки";0;0
1879;3551904;;;;2460407;Гумки;0;0
1901;3551911;;;;2460407;Лінійки;0;0
4121;3551946;;;;2460407;"Циркулі та готовальні";0;0
334;3551995;;;;2460422;"Алфавіт, рахункові палички";0;0
2031;3552016;;;;2460422;Крейда;0;0
4003;3552044;;;;2460422;Фломастери;0;0
966;3563536;;;;2460422;"Щоденники шкільні";0;0
2521;3565580;;;;4658950;"Фарба для волосся";0;0
1024;3584027;;;;4625304;"Пластикові ємності";0;0
1497;3618110;;;;4034476;"Пензлі для малювання";0;0
3746;3636597;;;;2460422;"Тетради для нот";0;0
1367;3647328;;;;3547641;"Інвентар для дому та офісу";0;0
794;3653209;;;;2460422;Глобуси;0;0
478;3684590;;;;82795;"Бойлери непрямого нагріву";0;0
411;3700571;;;;4653619;Басейни;0;0
726;3730584;;;;4658044;"Витяжні вентилятори";0;0
821;3763026;;;;84703;Грузила;0;0
460;3764238;;;;84703;Блешні;0;0
313;3768222;;;;4628411;"Аксесуари до сушарки для рушників і радіаторів";0;0
3858;3779181;;;;3866931;"Туалети для тварин";0;0
316;3779482;;;;3866931;"Аксесуари до туалетів для тварин";0;0
4285;3803561;;;;2577232;"Електромонтажне обладнання";0;0
3113;3803575;;;;3803561;"Розетки та вимикачі";0;0
2404;3803589;;;;3803561;"Низьковольтне обладнання";0;0
4207;3803596;;;;3803561;"Шафи, корпуси, щитки";0;0
3330;3803610;;;;3803561;"Силові роз'єми";0;0
1422;3803617;;;;3803561;"Кабельно-провідникова продукція";0;0
2123;3803631;;;;3803561;"Монтажні елементи";0;0
1672;3816762;;;;2460422;"Контурні мапи та атласи";0;0
3311;3830685;;;;80100;"Мережеві аудіо програвачі";0;0
3638;3846575;;;;3487833;"Лічильники газу";0;0
3639;3846589;;;;3487833;"Лічильники тепла";0;0
3640;3846596;;;;3487833;"Лічильники електроенергії";0;0
3075;3854786;;;;80254;"Різаки для паперу";0;0
3859;3866931;;;;3520929;"Туалети, наповнювачі та аксесуари";0;0
3959;3919368;;;;2460422;"Підручники, навчальні посібники";0;0
607;3919396;;;;83882;Велогума;0;0
2332;3925143;;;;3510436;"Набори приладдя";0;0
2723;3933312;;;;102298;"Харчування та годування";0;0
2945;3933347;;;;88468;"Прогулянки й активний відпочинок";0;0
2495;3935762;;;;4435366;"Одяг для тварин";0;0
300;3961844;;;;169823;"Аксесуари до штор";0;0
3824;3969509;;;;2460407;"Точилки для олівців";0;0
2595;3970650;;;;4435366;Нашийники;0;0
2798;3973646;;;;102298;"Підгузки та сповивання";0;0
1020;3973653;;;;102298;"Щоденний догляд і здоров'я";0;0
1832;3973660;;;;102298;"Купання та гігієна";0;0
919;3982088;;;;2460422;"Детские настольные наборы и подставки";0;0
2775;3985679;;;;4435366;"Повідці для тварин";0;0
3060;3999091;;;;80254;"Витратні матеріали для оправлення/брошурування";0;0
1914;4005167;;;;4625734;"Дитяча література";0;0
5602;4029961;;;;83850;"Знижена в ціні косметика та парфумерія";0;0
1189;4034476;;;;4625734;"Живопис і графіка";0;0
1335;4035302;;;;102298;"Іграшки для малюків, розвиток, розваги";0;0
612;4045634;;;;83882;"Велохімія для ремонту та догляду";0;0
3617;4068649;;;;2460422;"Сумки для школи";0;0
2116;4114639;;;;4034476;"Мольберти, етюдники, палітри";0;0
3431;4116431;;;;3520929;"Спальні місця, переноски, будки для тварин";0;0
603;4117145;;;;83882;Веловзуття;0;0
1498;4136913;;;;4034476;Мастихіни;0;0
3359;4137081;;;;4034476;Скетчбуки;0;0
1754;4141120;;;;4034476;"Фарби для малювання";0;0
4091;4141169;;;;4034476;"Полотна, модулі, основи";0;0
2644;4143955;;;;4034476;"Художня пастель";0;0
710;4145075;;;;4034476;"Допоміжні художні матеріали";0;0
465;4152495;;;;2460417;"Блокноты и записные книги премиум";0;0
2725;4238910;;;;4394353;"Харчова упаковка";0;0
3773;4265798;;;;88468;"Товари для мам";0;0
906;4265805;;;;88468;"Дитячі іграшки";0;0
3201;4312831;;;;267255;"Свет, генераторы эффектов";0;0
3204;4312894;;;;267255;"Світлове обладнання";0;0
1526;4326572;;;;4625734;Книги;0;0
4098;4326593;;;;4326572;"Художня література";0;0
3384;4326635;;;;4326572;"Словники та енциклопедії";0;0
3958;4326656;;;;4326572;Підручники;0;0
2397;4326663;;;;4326572;"Наукова і технічна література";0;0
979;4326677;;;;4326572;"Дім та хобі";0;0
185;4330821;;;;4653880;Автошини;0;0
4080;4394353;;;;3547641;"Господарські товари";0;0
5628;4418335;;;;83850;"Знижені в ціні канцтовари";0;0
569;4429255;;;;2394287;"Побутова хімія";0;0
341;4435366;;;;3520929;"Амуніція, аксесуари та одяг для тварин";0;0
826;4581168;;;;4394353;"Губки для посуду";0;0
2510;4581182;;;;4394353;"Одноразовий посуд";0;0
2598;4581462;;;;4394353;"Пакети для сміття";0;0
3173;4581476;;;;4394353;"Серветки для прибирання";0;0
2687;4581483;;;;4394353;"Рукавички господарські";0;0
331;4594201;;;;4626923;"Алкогольні напої";0;0
671;4594285;;;;4594201;Вино;0;0
1767;4594292;;;;4594201;"Міцні напої";0;0
3087;4611513;;;;4633585;"Ремінці для годинників";0;0
2653;4612059;;;;4649442;Паяльники;0;0
3007;4619871;;;;4326572;"Подорожі та спорт";0;0
436;4620235;;;;4326572;"Бізнес література";0;0
1324;4624893;;;;81203;"Ігрові види спорту";0;0
3839;4624900;;;;81203;"Тренажери та спортивне обладнання";0;0
3451;4624907;;;;81203;"Спортивні аксесуари";0;0
2902;4624914;;;;132895;"Пояси та рукавички для фітнесу";0;0
237;4624921;;;;116671;"Аксесуари для зимового спорту";0;0
1323;4624928;;;;4624893;"Ігрова форма і екіпірування";0;0
57;4624949;;;;4653880;"Автомобільні диски";0;0
40;4624962;;;;4675944;Автофарби;0;0
393;4624969;;;;86167;Байдарки;0;0
556;4624976;;;;4394353;"Паперові рушники";0;0
3856;4624983;;;;4626569;"Туалетний папір";0;0
3172;4624990;;;;4394353;Серветки;0;0
2947;4624997;;;;4626923;"Харчові продукти";0;0
4127;4625004;;;;4639952;Чай;0;0
1734;4625011;;;;4639952;Кава;0;0
685;4625018;;;;4633001;"Вода та напої";0;0
4236;4625025;;;;4633017;"Шоколад та цукерки";0;0
3189;4625039;;;;4627764;Цукор;0;0
1032;4625046;;;;4633017;"Жувальна гумка";0;0
3524;4625053;;;;4653950;Склоочисники;0;0
3502;4625060;;;;3429643;"Засоби для догляду за акваріумом";0;0
3223;4625067;;;;80263;Селфі-палиці;0;0
3492;4625077;;;;4429255;"Засоби для прибирання";0;0
3491;4625084;;;;4429255;"Засоби для прання";0;0
3485;4625091;;;;4429255;"Засоби для миття посуду";0;0
3503;4625098;;;;4625077;"Засоби для догляду за побутовою технікою";0;0
3882;4625112;;;;4625077;"Прибирання після ремонту";0;0
3947;4625119;;;;4625077;"Догляд за виробами з дорогоцінних металів";0;0
3883;4625126;;;;4650405;"Прибирання вуличної зони";0;0
489;4625133;;;;4429255;"Большие упаковки, HoReCa";0;0
934;4625174;;;;4633561;"Детское нижнее белье";0;0
3586;4625234;;;;4628124;"Студійне обладнання";0;0
1038;4625250;;;;2048367;"Жіноча гігієна";0;0
3814;4625256;;;;4627851;"Торгове обладнання";0;0
3071;4625262;;;;4625256;"Реєстратори розрахункових операцій (РРО)";0;0
2932;4625268;;;;4675885;"Принтери етикеток";0;0
3355;4625274;;;;4625256;"Сканери штрих-кодів";0;0
23;4625280;;;;4642968;POS-оборудование;0;0
3725;4625286;;;;4625256;"Термінали збору даних";0;0
633;4625292;;;;4625256;"Ваговимірювальне обладнання";0;0
1973;4625298;;;;4625256;"Маркувальне обладнання";0;0
3161;4625304;;;;2394297;"Садовий інвентар";0;0
3086;4625307;;;;4326572;"Релігія та езотерика";0;0
2;4625319;;;;4675885;"Принтери для чеків";0;0
4;4625325;;;;4625256;POS-термінали;0;0
6;4625331;;;;4625280;POS-клавиатуры;0;0
22;4625337;;;;4625256;POS-монітори;0;0
873;4625343;;;;4625256;"Грошові скриньки";0;0
3642;4625349;;;;4625256;"Зчитувачі магнітних смуг";0;0
1376;4625355;;;;4625256;"Індикатори клієнта";0;0
2685;4625361;;;;116671;"Рукавиці для хокею";0;0
1278;4625367;;;;116671;"Захист для хокею";0;0
501;4625379;;;;116671;"Ботинки беговые";0;0
4016;4625385;;;;116671;"Хокейна форма";0;0
238;4625391;;;;4624893;"Аксесуари для ігрового спорту";0;0
1483;4625397;;;;4594201;Кейсы;0;0
4186;4625403;;;;4670676;Шезлонги;0;0
1899;4625409;;;;4594292;"Лікери та аперитиви";0;0
3160;4625415;;;;2394297;"Садовий декор";0;0
3804;4625421;;;;152463;"Печі та кам'янки для сауни, лазні";0;0
3803;4625427;;;;152463;"Камінні топки";0;0
483;4625433;;;;81203;"Бокс і єдиноборства";0;0
2684;4625439;;;;4625433;"Рукавички для боксу та єдиноборств";0;0
1878;4625451;;;;4625433;"Лапи, маківари";0;0
481;4625457;;;;4625433;"Боксерські мішки та груші";0;0
219;4625463;;;;4625433;"Аксесуари для боксу та єдиноборств";0;0
1277;4625469;;;;4625433;"Захист для боксу та єдиноборств";0;0
4099;4625475;;;;4034476;"Художні набори";0;0
1699;4625481;;;;84703;Годівниці;0;0
576;4625487;;;;435974;"Побутові вакуумні пакувальники";0;0
1429;4625493;;;;2460397;Календарі;0;0
814;4625499;;;;4624900;Степери;0;0
601;4625505;;;;83882;Велозапчастини;0;0
409;4625517;;;;4624893;Баскетбол;0;0
2565;4625523;;;;84703;"Оснащення та елементи монтажу";0;0
3738;4625529;;;;3520929;"Тераріуми та фаунаріуми";0;0
1662;4625535;;;;88468;"Конструкторы LEGO";0;0
3966;4625541;;;;2460422;"Фартухи для творчості";0;0
2905;4625547;;;;1162030;"Праздничные наряды и украшения";0;0
1377;4625565;;;;84703;"Індикатори клювання";0;0
3111;4625571;;;;84703;"Род-поди, підставки під вудлища";0;0
1370;4625577;;;;4675923;Інвертори;0;0
1780;4625614;;;;4639424;"Покрівля та водостічні системи";0;0
4256;4625668;;;;4639528;Штукатурка;0;0
2450;4625698;;;;4639600;"Оздоблення стін та стелі";0;0
2667;4625704;;;;4639600;"Монтажні піни та герметики";0;0
2757;4625710;;;;4639600;Плитка;0;0
2535;4625728;;;;88468;"Оптические приборы для детей";0;0
2584;4625734;;;;0;"Офіс, школа, книги, творчість";0;0
3064;4625746;;;;4625256;"Витратні матеріали для торгового обладнання";0;0
5627;4625752;;;;83850;"Знижені в ціні зоотовари";0;0
419;4625758;;;;4624893;Бейсбол;0;0
4015;4625782;;;;4625433;"Форма для боксу та єдиноборств";0;0
841;4625841;;;;2394287;"Жалюзі, ролети, карнизи";0;0
1231;4625847;;;;4652828;Замки;0;0
842;4625853;;;;4652828;"Дверні доводчики";0;0
4254;4625865;;;;80106;"Шторки для ванни та душу";0;0
4166;4625871;;;;81230;Крокоміри;0;0
1588;4625889;;;;83916;Компасы;0;0
4302;4625901;;;;81203;Електротранспорт;0;0
3871;4625907;;;;83916;"Туристичний інструмент та аксесуари";0;0
3872;4625913;;;;83916;"Туристичне гідрообладнання";0;0
2907;4625920;;;;4625256;Прайс-чекер;0;0
293;4625926;;;;4625256;"Аксесуари до торгового обладнання";0;0
2976;4625934;;;;4670601;"Холодильні камери";0;0
2978;4625939;;;;80121;"Професійні пральні машини";0;0
1213;4625944;;;;4116431;"Вольєри, будки, клітки для собак";0;0
247;4625959;;;;435974;"Аксесуари до кухонної техніки";0;0
5643;4625968;;;;83850;"Знижені в ціні сейфи";0;0
2931;4625978;;;;4675885;"Принтери наклейок";0;0
1539;4625988;;;;4641064;Ковролін;0;0
1871;4625993;;;;4641064;Ламінат;0;0
1902;4625998;;;;4641064;Лінолеум;0;0
1836;4626058;;;;4626078;Курники;0;0
3782;4626063;;;;3520929;"Товари для собак";0;0
3771;4626068;;;;3520929;"Товари для кішок";0;0
3766;4626073;;;;3520929;"Товари для гризунів";0;0
3777;4626078;;;;3520929;"Товари для птахів";0;0
3780;4626083;;;;3520929;"Товари для риб";0;0
3779;4626088;;;;3520929;"Товари для рептилій";0;0
1462;4626093;;;;4625841;"Карнизи для штор";0;0
3769;4626098;;;;84703;"Товари для зимової риболовлі";0;0
3784;4626103;;;;84703;"Товари для ловлі на фідер";0;0
3783;4626108;;;;84703;"Товари для ловлі на спінінг";0;0
3775;4626113;;;;84703;"Товари для ловлі з поплавцем";0;0
3770;4626118;;;;84703;"Товари для ловлі коропа";0;0
4028;4626123;;;;4625698;Фотошпалери;0;0
933;4626128;;;;169823;"Детский текстиль";0;0
312;4626133;;;;81230;"Запчастини і комплектуючі до медтехніки";0;0
314;4626138;;;;4672153;"Запчастини для пилососів";0;0
315;4626143;;;;435969;"Аксесуари до товарів для догляду за тілом";0;0
3133;4626148;;;;4652828;"Ручки дверні";0;0
2342;4626153;;;;4652828;Накладки;0;0
843;4626158;;;;4652828;"Дверні засувки та шпінгалети";0;0
227;4626163;;;;4652828;"Аксесуари до дверей";0;0
4119;4626168;;;;4652828;Циліндри;0;0
4301;4626183;;;;435964;"Сушарки для взуття";0;0
2691;4626188;;;;4652828;"Дверні петлі";0;0
4244;4626193;;;;4625841;Шпингалеты;0;0
5639;4626204;;;;83850;"Знижені в ціні планшети";0;0
2208;4626223;;;;753649;"Мужские кулоны";0;0
529;4626228;;;;753879;Броши;0;0
523;4626233;;;;723934;Бриллианты;0;0
925;4626238;;;;753674;"Детские серьги";0;0
899;4626243;;;;753589;"Детские браслеты";0;0
1179;4626253;;;;753879;"Женские цепи";0;0
1343;4626258;;;;753879;"Изделия для носа";0;0
1342;4626263;;;;753879;"Изделия для головы";0;0
1344;4626268;;;;753879;"Изделия для плеча";0;0
512;4626273;;;;753884;"Браслеты на ногу";0;0
910;4626278;;;;753634;"Детские кольца";0;0
916;4626283;;;;753649;"Детские кулоны";0;0
13;4626288;;;;724039;Tanmaniya;0;0
1565;4626293;;;;753634;"Кольца с сердечками";0;0
2474;4626298;;;;753634;"Обручальные кольца";0;0
1562;4626303;;;;753634;"Кольца для помолвки (солитеры)";0;0
1823;4626308;;;;753649;Кулоны-сердечки;0;0
1815;4626313;;;;753649;"Кулоны-знаки зодиака";0;0
1812;4626318;;;;753649;Кулоны-буквы;0;0
2303;4626323;;;;723939;"Наборные подвески (стиль Пандоры)";0;0
1391;4626409;;;;3520929;"Інструменти для грумінгу";0;0
869;4626414;;;;3520929;"Декорації для акваріумів та тераріумів";0;0
280;4626419;;;;152463;"Аксесуари до сауни та лазні";0;0
3302;4626424;;;;753929;"Серьги с английским/омега замком";0;0
3574;4626429;;;;4643520;"Будівельна фарба";0;0
3581;4626444;;;;4643520;"Будівельний віск";0;0
354;4626449;;;;4658114;"Антисептики для дерева";0;0
1986;4626454;;;;4658114;"Масло для дерева";0;0
3052;4626479;;;;4643520;"Розчинники та очищувачі";0;0
1868;4626489;;;;4643520;Лак;0;0
822;4626494;;;;4639528;Ґрунтовка;0;0
4311;4626499;;;;4643520;Емаль;0;0
3517;4626509;;;;4626529;"Стартові пакети";0;0
3582;4626514;;;;4639424;"Будівельні кріплення";0;0
2782;4626519;;;;4649076;"Подарункові пакети";0;0
4020;4626524;;;;4626594;"Форми та деко для випікання";0;0
2095;4626529;;;;80263;"Мобільний зв'язок та інтернет";0;0
2144;4626534;;;;4627038;Мотошини;0;0
2987;4626544;;;;3520929;"Ставки та водойми";0;0
3981;4626549;;;;4626544;"Фільтри для ставків";0;0
2379;4626554;;;;4626544;"Насоси та помпи для ставків";0;0
2589;4626559;;;;4626544;"Очисники ставків";0;0
276;4626564;;;;4626544;"Аксесуари для ставків";0;0
1917;4626569;;;;2048367;"Особиста гігієна";0;0
3015;4626574;;;;4626544;"Пылесосы для прудов";0;0
250;4626579;;;;82411;"Аксесуари до мангалів, барбекю, грилів";0;0
2616;4626584;;;;2581722;"Папки спеціальні";0;0
2701;4626589;;;;4649190;Пиво;0;0
2887;4626594;;;;2394287;Посуд;0;0
2923;4626599;;;;4626594;"Приготування їжі";0;0
1847;4626604;;;;4626594;"Кухонне приладдя";0;0
3273;4626609;;;;4626594;"Сервірування стола";0;0
4093;4626614;;;;4626594;"Зберігання продуктів";0;0
2424;4626619;;;;4626594;"Ножі, ножиці, сокирки";0;0
2895;4626624;;;;4626594;"Посуд для чаю та кави";0;0
2888;4626629;;;;4626594;"Посуд для бару та барний інвентар";0;0
845;4626639;;;;3520929;"Дверцята для котів і собак";0;0
1527;4626644;;;;4326572;"Книги для батьків";0;0
2891;4626654;;;;4626594;"Посуда для духовок и микроволновок";0;0
4221;4626659;;;;4435366;"Шлейки для тварин";0;0
401;4626664;;;;4670071;Бандажі;0;0
2423;4626670;;;;4626619;"Ножі кухонні";0;0
2327;4626676;;;;4626619;"Набори ножів";0;0
2429;4626682;;;;4626619;"Ножиці кухонні";0;0
2281;4626700;;;;4626619;"Мусати та точила для ножів";0;0
2822;4626706;;;;4626619;"Підставки та планки для ножів";0;0
3334;4626712;;;;4633017;"Сиропи, топінги та концентрати";0;0
585;4626718;;;;4633041;"Варення та джеми";0;0
514;4626724;;;;753589;"Браслеты на ногу";0;0
1560;4626730;;;;753634;"Кольца для пальцев ног";0;0
1559;4626736;;;;753914;"Кольца для пальцев ног";0;0
2264;4626742;;;;753879;"Мужские цепи";0;0
2240;4626748;;;;753929;"Мужские серьги";0;0
3367;4626754;;;;4626599;Сковороди;0;0
1473;4626760;;;;4626599;"Каструлі, ковші";0;0
2328;4626766;;;;4626599;"Набори посуду для приготування їжі";0;0
1798;4626772;;;;4626599;"Кришки для посуду";0;0
829;4626778;;;;4626599;Гусятниці;0;0
2634;4626784;;;;4626599;Каструлі-скороварки;0;0
1974;4626790;;;;4626599;Марміти;0;0
3413;4626796;;;;4626599;Соковарки;0;0
1984;4626808;;;;4626609;Маслянки;0;0
4074;4626815;;;;4626614;Хлібниці;0;0
1848;4626822;;;;4626614;"Приладдя для спецій";0;0
403;4626829;;;;4626614;"Банки та ємності";0;0
2726;4626836;;;;4626614;"Харчові контейнери";0;0
1681;4626843;;;;4626614;Кошики;0;0
3191;4626850;;;;4626609;Цукорниці;0;0
2896;4626862;;;;4626654;"Посуда из жаропрочного стекла";0;0
4128;4626868;;;;4626624;"Чайники для плити";0;0
4036;4626874;;;;4626624;Френч-преси;0;0
3873;4626880;;;;4626624;Турки;0;0
756;4626886;;;;4626624;"Гейзерні кавоварки";0;0
2036;4626892;;;;4626624;"Млини для кави";0;0
1209;4626898;;;;4626624;"Заварювальні чайники";0;0
3003;4626904;;;;4626624;"Пуровери й аксесуари";0;0
3291;4626910;;;;753584;"Серебряный пирсинг";0;0
3621;4626916;;;;4627659;"Сухі сніданки";0;0
332;4626923;;;;0;"Алкогольні напої та продукти харчування";0;0
3561;4626933;;;;4626609;"Столові сервізи";0;0
4129;4626940;;;;4626609;"Чайні та кавові сервізи";0;0
479;4626947;;;;4626609;"Келихи та фужери";0;0
3034;4626961;;;;4626604;"Обробні дошки";0;0
2085;4626968;;;;4626604;"Миски та ємності для змішування";0;0
3568;4626982;;;;4626609;"Стопки та чарки";0;0
3560;4626989;;;;4626609;"Столові прибори";0;0
4133;4627003;;;;4626609;Чашки;0;0
3513;4627017;;;;4626609;Склянки;0;0
3671;4627031;;;;4626609;"Тарілки та салатники";0;0
4193;4627038;;;;4627858;"Шини та диски";0;0
846;4627045;;;;152459;Двигуни;0;0
4291;4627052;;;;4626923;"Електронні сигарети та аксесуари";0;0
4290;4627066;;;;4627052;"Електронні сигарети";0;0
1615;4627073;;;;4627052;"Комплектуючі та аксесуари до електронних сигарет";0;0
1195;4627080;;;;4627052;"Рідини та компоненти для електронних сигарет";0;0
386;4627087;;;;4674190;"Багажники для авто та фаркопи";0;0
387;4627094;;;;4627087;"Багажні бокси";0;0
26;4627101;;;;4627087;Автобагажники;0;0
63;4627108;;;;4627087;"Автомобильные крепления";0;0
62;4627108;;;;4627087;"Кріплення вантажів";0;0
2121;4627115;;;;4627087;"Монтажні комплекти для багажників";0;0
1003;4627122;;;;4626604;"Друшляки та сита";0;0
2773;4627129;;;;4626604;"Кухарські лопатки, ложки, виделки";0;0
1845;4627136;;;;4626604;"Кухонні набори";0;0
1649;4627143;;;;4626604;"Кондитерське приладдя";0;0
3724;4627150;;;;4626604;"Тертки, овочерізки";0;0
2484;4627157;;;;4626604;Овочечистки;0;0
1347;4627164;;;;4626604;"Преси, горіхоколи";0;0
2815;4627171;;;;4626604;"Підставки, тримачі";0;0
1660;4627178;;;;4626604;"Консервні ножі та ключі";0;0
1850;4627185;;;;4626604;"Кухонні таймери";0;0
2040;4627192;;;;4626604;"Мірний посуд";0;0
3141;4627199;;;;4626604;"Ручні соковижималки (соковичавниці)";0;0
3633;4627206;;;;4626604;"Сушарки й органайзери для посуду";0;0
263;4627213;;;;4626604;"Аксесуари для обробки м'яса";0;0
3732;4627220;;;;4626604;"Кухонні термометри";0;0
4274;4627227;;;;4628411;"Електричні ТЕНи до сушарок для рушників";0;0
3593;4627234;;;;4626604;Ступки;0;0
2934;4627241;;;;4626604;"Прихватки и подставки для посуды";0;0
2910;4627248;;;;4626609;"Предмети сервірування";0;0
4155;4627255;;;;4645872;"Чохли на кермо";0;0
595;4627276;;;;4626629;"Відра для льоду";0;0
179;4627283;;;;4630454;Автофільтри;0;0
2808;4627297;;;;4626609;"Таці, столики для сервірування";0;0
1467;4627304;;;;80019;"Картки доступу, активації та онлайн-поповнення пакетів";0;0
3599;4627311;;;;80260;Сувеніри;0;0
1291;4627318;;;;435969;"Дзеркала косметичні";0;0
517;4627346;;;;4627311;Брелоки;0;0
1228;4627360;;;;4625734;"Закладки для книг";0;0
2780;4627367;;;;4627395;"Подарочные визитницы";0;0
799;4627374;;;;80260;Антистреси;0;0
2908;4627388;;;;4627311;"Предметы декора";0;0
2681;4627395;;;;4627311;"Персональные аксессуары";0;0
3520;4627409;;;;375695;Статуетки;0;0
4200;4627423;;;;375695;"Скриньки, футляри";0;0
878;4627430;;;;375695;"Дерева щастя";0;0
149;4627437;;;;723984;Mangalsutra;0;0
150;4627437;;;;723984;Mangalsutra;0;0
151;4627437;;;;723984;Mangalsutra;0;0
152;4627444;;;;753899;Mangalsutra;0;0
153;4627444;;;;753899;Mangalsutra;0;0
154;4627444;;;;753899;Mangalsutra;0;0
155;4627451;;;;753879;"Mangalsutra sets";0;0
156;4627451;;;;753879;"Mangalsutra sets";0;0
157;4627451;;;;753879;"Mangalsutra sets";0;0
1083;4627458;;;;723939;"Женские жесткие браслеты";0;0
1082;4627465;;;;753589;"Женские жесткие браслеты";0;0
1084;4627472;;;;753884;"Женские жесткие браслеты";0;0
235;4627479;;;;4626624;"Аксесуари для заварювання чаю";0;0
3762;4627486;;;;4627949;"Товари Apple й аксесуари";0;0
4253;4627498;;;;4626629;"Коркотяги та відкривачки для пляшок";0;0
2309;4627512;;;;4626629;"Набори для бару";0;0
2118;4627519;;;;723934;"Монеты и слитки";0;0
3286;4627526;;;;4627519;"Серебряные слитки";0;0
1307;4627533;;;;4627519;"Золотые монеты";0;0
2939;4627540;;;;4626629;"Корки та лійки для пляшок";0;0
2322;4627547;;;;4626599;"Набори для фондю";0;0
3996;4627554;;;;4660587;Фітнес-браслети;0;0
287;4627561;;;;4660587;"Аксесуари до смарт-годинників і трекерів";0;0
952;4627575;;;;152458;Дивани;0;0
2130;4627617;;;;152459;Мотобури;0;0
1309;4627624;;;;4627519;"Золотые слитки";0;0
4276;4627631;;;;4625901;Електровелосипеди;0;0
3735;4627638;;;;4626614;Термоси;0;0
1805;4627645;;;;4626609;"Глечики, графини, набори для напоїв";0;0
2890;4627652;;;;4626594;"Посуда для детей";0;0
394;4627659;;;;4624997;Бакалія;0;0
1956;4627666;;;;4627659;"Макаронні вироби";0;0
1031;4627673;;;;4625841;"Жалюзі та ролети";0;0
3403;4627680;;;;4624997;Снеки;0;0
638;4627687;;;;4655222;"Ветпрепарати для худоби та свійських тварин";0;0
4071;4627694;;;;4650405;"Хімія для басейнів і систем опалення";0;0
207;4627701;;;;80263;"Аксессуары для Apple";0;0
2444;4627729;;;;4627311;"Обкладинки для документів";0;0
1680;4627736;;;;84703;"Кораблики для прикорму";0;0
4177;4627743;;;;80260;"Шахи, шашки, нарди";0;0
3972;4627750;;;;375695;Фен-шуй;0;0
3055;4627757;;;;4633009;Олія;0;0
3437;4627764;;;;4627659;Спеції;0;0
3902;4627771;;;;4633009;Оцет;0;0
3283;4627778;;;;4627519;"Серебряные монеты";0;0
1778;4627785;;;;4649292;Ліжка;0;0
2291;4627792;;;;4657815;"М'які крісла";0;0
2522;4627799;;;;4633041;Оливки;0;0
795;4627802;;;;81230;Глюкометри;0;0
3000;4627809;;;;435969;Пульсотахографы;0;0
3729;4627816;;;;81230;"Термометри для тіла";0;0
1445;4627844;;;;2460422;"Набір першокласника";0;0
3764;4627851;;;;0;"Товари для бізнесу";0;0
1395;4627858;;;;0;"Авто і мото товари";0;0
2876;4627865;;;;4627949;"Портативна електроніка";0;0
1691;4627872;;;;3520929;"Корма для животных";0;0
3153;4627879;;;;2394297;"Садовая мебель и декор";0;0
3840;4627886;;;;81203;"Тренажеры и фитнес";0;0
3469;4627893;;;;0;"Спорт і захоплення";0;0
3697;4627900;;;;80257;Телефоны;0;0
2269;4627907;;;;723119;"Чоловічі ювелірні прикраси";0;0
1187;4627914;;;;723119;"Жіночі ювелірні прикраси";0;0
932;4627921;;;;723119;"Дитячі ювелірні прикраси";0;0
2160;4627928;;;;4630220;"Мужские аксессуары";0;0
1046;4627935;;;;4630220;"Женские аксессуары";0;0
1566;4627942;;;;723119;"Каблучки ювелірні";0;0
3390;4627949;;;;0;"Смартфони, ТВ і електроніка";0;0
3951;4627963;;;;3520929;"Уход за питомцем";0;0
382;4627970;;;;124813;"Аэраторы для смесителей";0;0
4181;4627977;;;;4624900;"Шведські стінки та турніки";0;0
515;4627991;;;;723119;"Браслети ювелірні";0;0
4029;4628005;;;;375695;Фоторамки;0;0
213;4628012;;;;4627311;"Аксессуары для алкоголя и курения";0;0
3426;4628019;;;;4633009;Соуси;0;0
2929;4628026;;;;4626604;"Принадлежности для суши";0;0
2946;4628033;;;;4627659;"Азійські продукти";0;0
2797;4628040;;;;4626569;"Підгузки для дорослих";0;0
3955;4628054;;;;753584;"Уход за украшениями";0;0
2485;4628061;;;;4633041;"Овочева консервація";0;0
4038;4628068;;;;4633041;"Фруктова консервація";0;0
3143;4628075;;;;4627659;"Рибні консерви";0;0
2455;4628082;;;;3520929;"Оборудование для груминга";0;0
2531;4628089;;;;80257;"Оптические аксессуары и адаптеры";0;0
2483;4628096;;;;80263;"Об'єктиви для мобільних пристроїв";0;0
3884;4628103;;;;203883;"Збільшувальне скло";0;0
2537;4628110;;;;4628089;"Оптические устройства и адаптеры";0;0
3346;4628117;;;;4627851;"Системи охорони і безпеки";0;0
4026;4628124;;;;4627949;"Фото та відео";0;0
5658;4628131;;;;83850;"Уцінені годинники";0;0
3661;4628145;;;;81202;"Тактическая одежда и обмундирование";0;0
105;4628159;;;;3429643;"CO2 обладнання";0;0
106;4628159;;;;3429643;"CO2 оборудование";0;0
2127;4628166;;;;4627311;"Морська тематика";0;0
3656;4628173;;;;3520929;"Таблички и наклейки";0;0
1791;4628180;;;;80025;"Велика та вбудована побутова техніка";0;0
3607;4628187;;;;2460422;"Сумки для взуття";0;0
1549;4628194;;;;4653880;Ковпаки;0;0
257;4628201;;;;4626604;"Аксесуари для миття посуду";0;0
1947;4628208;;;;375695;"Магнітні дошки";0;0
4242;4628222;;;;4639528;Шпаклівка;0;0
3813;4628236;;;;4625256;"Торговельні меблі";0;0
939;4628306;;;;4656398;Дефлектори;0;0
3377;4628313;;;;4649190;"Слабоалкогольні напої";0;0
3753;4628327;;;;4627388;Техно-арт;0;0
1504;4628334;;;;4628348;"Класичні гітари";0;0
788;4628348;;;;297207;Гітари;0;0
783;4628355;;;;297207;"Гітарне обладнання";0;0
2778;4628362;;;;80260;"Подарунки для новонароджених";0;0
4077;4628369;;;;4644304;"Хлебцы и галеты";0;0
2103;4628383;;;;80106;"Мойки, смесители, сифоны";0;0
2698;4628390;;;;152463;"Печі, буржуйки, булер'яни";0;0
1793;4628397;;;;4627659;Крупи;0;0
582;4628404;;;;80106;"Ванны, боксы, душевые";0;0
2868;4628411;;;;80106;"Сушарки для рушників і радіатори";0;0
3184;4628418;;;;0;"Сантехніка та ремонт";0;0
2467;4628425;;;;4627851;"Обладнання для салонів краси";0;0
3592;4628432;;;;4628425;"Стільці майстра";0;0
1632;4628439;;;;4627052;"Компоненты для жидкостей";0;0
2272;4628446;;;;4627659;Борошно;0;0
1431;4628453;;;;2460407;"Набори для каліграфії";0;0
3899;4628460;;;;4627311;"Украинские сувениры";0;0
5119;4628467;;;;4670071;"Ортопедичні устілки";0;0
874;4628474;;;;4629305;"Депіляція та шугаринг";0;0
701;4628481;;;;4628474;Воскоплави;0;0
1725;4628495;;;;4628425;"Косметологічні меблі";0;0
2624;4628502;;;;4628425;"Перукарське обладнання";0;0
2983;4628509;;;;4628495;"Процедурні кушетки";0;0
1875;4628516;;;;4628425;"Лампи лупи";0;0
3477;4628523;;;;4628474;"Засоби до і після депіляції";0;0
1519;4628530;;;;4639184;"Бульби та цибулини";0;0
3625;4628537;;;;4627680;Сухофрукти;0;0
224;4628551;;;;297207;"Аксесуари для гітар";0;0
1302;4628558;;;;723964;"Золотые изделия для волос и головы";0;0
2622;4628565;;;;4628502;"Перукарські мийки";0;0
3541;4628572;;;;435969;Стерилізатори;0;0
417;4628579;;;;4626063;"Беговые дорожки для собак";0;0
2623;4628600;;;;4628502;"Перукарські візки";0;0
2621;4628607;;;;4628502;"Перукарські крісла";0;0
360;4628621;;;;4629305;Аптека;0;0
4626;4628628;;;;4628712;"Дерматологічні препарати";0;0
5240;4628642;;;;4628712;"Препарати для судин";0;0
4953;4628649;;;;4628712;"Ліки від застуди";0;0
5233;4628656;;;;4628712;"Препарати для сечостатевої системи";0;0
5234;4628663;;;;4628712;"Препарати для нервової системи";0;0
5235;4628670;;;;4628712;"Препарати для опорно-рухової системи";0;0
4949;4628684;;;;4674196;"Ліки для шлунка";0;0
5239;4628705;;;;4628712;"Препарати для серця";0;0
4956;4628712;;;;4628621;"Лікарські препарати";0;0
3787;4628719;;;;4628621;"Товари медичного призначення";0;0
4114;4628737;;;;753879;"Цепи для тела";0;0
4113;4628744;;;;753879;"Цепи для бедра";0;0
3440;4628751;;;;2033137;Спецодяг;0;0
3439;4628758;;;;2577232;Спецвзуття;0;0
3763;4628765;;;;4627949;"Товари Samsung та аксесуари";0;0
3776;4628772;;;;80260;"Товари для свят";0;0
2436;4628793;;;;230134;Нічники;0;0
2562;4628800;;;;105277;"Освещение для детской комнаты";0;0
1663;4628807;;;;4628989;"Контактні лінзи";0;0
3505;4628821;;;;4628989;"Засоби для догляду за лінзами";0;0
2671;4628828;;;;4628719;"Перев'язувальні матеріали";0;0
2743;4628835;;;;4628719;Пластир;0;0
4245;4628842;;;;4628719;Шприци;0;0
4234;4628849;;;;4628719;"Шовний матеріал";0;0
4957;4628856;;;;4628621;"Лікарські трави та збори";0;0
3744;4628863;;;;4628719;Тести;0;0
2027;4628870;;;;4628719;"Медичні інструменти";0;0
2028;4628877;;;;4628719;"Медицинские наборы";0;0
1345;4628884;;;;4628719;"Медичні рукавички";0;0
1476;4628891;;;;4628719;"Катетери та зонди";0;0
2148;4628898;;;;4628719;"Сечоприймачі, калоприймачі, судна";0;0
2026;4628905;;;;4628719;"Медична одноразова продукція";0;0
361;4628912;;;;4628719;"Аптечки, футляри, контейнери";0;0
3348;4628919;;;;4628719;"Системы переливания";0;0
834;4628926;;;;2514877;Датери;0;0
2008;4628982;;;;4671666;Передпокої;0;0
2530;4628989;;;;4628621;Оптика;0;0
2590;4628996;;;;4628989;Окуляри;0;0
2528;4629003;;;;4628989;"Оправа для окулярів";0;0
2030;4629017;;;;296831;"Мідні духові";0;0
584;4629024;;;;296831;Варгани;0;0
2820;4629031;;;;152458;"Підставки для квітів";0;0
2652;4629038;;;;4627659;Паштети;0;0
2439;4629066;;;;2514877;Нумератори;0;0
2566;4629073;;;;2514877;"Оснащення для печаток та штампів";0;0
590;4629080;;;;4626569;"Ватні палички";0;0
1258;4629087;;;;155515;"Запчастини для ланцюгових пил";0;0
1257;4629094;;;;152459;"Запчастини для тримерів";0;0
1246;4629101;;;;155824;"Запчастини для культиваторів та мотоблоків";0;0
4725;4629108;;;;152459;"Запчастини для газонокосарок";0;0
3842;4629122;;;;4648686;Милиці;0;0
1992;4629129;;;;4657815;"Масажні крісла";0;0
199;4629143;;;;4650658;"Акумулятори для планшетів";0;0
328;4629150;;;;284865;"Акустические клавишные инструменты";0;0
3555;4629171;;;;152458;"Стойки для одежды";0;0
3532;4629178;;;;152458;"Стелажі та консолі";0;0
3861;4629185;;;;152458;Тумби;0;0
2851;4629192;;;;152458;Полиці;0;0
2302;4629199;;;;753884;"Наборные подвески";0;0
2619;4629207;;;;2048602;Парафінотерапія;0;0
2618;4629214;;;;4629207;Парафіноплави;0;0
270;4629221;;;;4629207;"Аксесуари для парафінотерапії";0;0
1722;4629228;;;;4629207;"Косметичний парафін";0;0
2318;4629242;;;;4629207;"Набори для парафінотерапії";0;0
1463;4629249;;;;375695;Картини;0;0
1394;4629256;;;;3547641;"Інструменти для прибирання";0;0
4092;4629263;;;;3547641;"Зберігання та організація простору";0;0
4195;4629270;;;;152458;Ширми;0;0
5089;4629277;;;;4628712;Знеболювальні;0;0
2737;4629284;;;;4627851;"Пластикова тара";0;0
2992;4629291;;;;2586292;"Дитячі пудинги і йогурти";0;0
4379;4629298;;;;80255;"Аксесуари для клавіатур і мишок";0;0
1757;4629305;;;;0;"Краса та здоров'я";0;0
3475;4629312;;;;4650405;"Засоби для вигрібних ям та септиків";0;0
206;4629326;;;;4627949;"Аксесуари Samsung";0;0
3575;4629382;;;;4639424;"Будівельна хімія";0;0
412;4629389;;;;4625025;Батончики;0;0
450;4629396;;;;4649262;"Бісквіти та рулети";0;0
592;4629403;;;;4649262;Вафлі;0;0
992;4629410;;;;4633017;"Драже та льодяники";0;0
1033;4629417;;;;4633017;"Жувальні цукерки";0;0
4237;4629424;;;;4625025;"Шоколадні яйця";0;0
2413;4629431;;;;4625025;"Новорічні подарунки";0;0
2643;4629438;;;;4625025;Паста;0;0
2697;4629445;;;;4649262;Печиво;0;0
4235;4629452;;;;4625025;Шоколад;0;0
1293;4629459;;;;4633017;"Зефір і мармелад";0;0
291;4629466;;;;4630220;"Аксесуари для сумок";0;0
3275;4629492;;;;753584;"Серебряные аксессуары";0;0
703;4629499;;;;4633017;"Східні солодощі";0;0
1674;4629506;;;;4625025;"Цукерки у коробці";0;0
1373;4629513;;;;4626923;"Інгредієнти для приготування алкогольних напоїв";0;0
35;4629520;;;;4656416;Автокилимки;0;0
36;4629520;;;;4656416;Автоковрики;0;0
3277;4629527;;;;4629492;"Серебряные булавки и заколки";0;0
2242;4629534;;;;753674;"Мужские серьги / Одинарные серьги";0;0
2777;4629541;;;;80261;"Подарунки для геймерів";0;0
91;4629548;;;;4625698;3D-панелі;0;0
364;4629557;;;;117101;"Арматура для унітазів";0;0
4182;4629564;;;;435964;"Швейна техніка та аксесуари";0;0
318;4629578;;;;4629564;"Аксесуари для швейної техніки";0;0
1586;4629592;;;;152458;Комоди;0;0
3056;4629599;;;;4632768;"Рослинне молоко";0;0
3552;4629606;;;;295852;Стійки;0;0
2735;4629613;;;;295852;Пластики;0;0
3670;4629620;;;;295852;"Тарілки для ударних";0;0
2658;4629627;;;;295852;"Педалі для барабанів";0;0
2601;4629634;;;;295852;"Палички для ударних";0;0
3018;4629641;;;;295852;Педи;0;0
840;4629648;;;;4657803;Двері;0;0
3618;4629655;;;;4624997;Суперфуди;0;0
3730;4629674;;;;4628719;"Термометры и гигрометры";0;0
3290;4629686;;;;4629842;"Серебряные чокеры, шнурки на шею";0;0
507;4629716;;;;4626614;"Бочки та діжки";0;0
1379;4629728;;;;80106;"Інженерна сантехніка";0;0
1751;4629734;;;;4629728;"Запірна та запобіжна арматура";0;0
1591;4629740;;;;4629728;"Комплектующая запорная арматура";0;0
3852;4629746;;;;4629728;"Труби водопровідні";0;0
3994;4629752;;;;4629728;"Фітинги для водопровідних труб";0;0
3853;4629758;;;;4629728;"Труби каналізаційні";0;0
3995;4629764;;;;4629728;"Фітинги для каналізаційних труб";0;0
691;4629770;;;;4629728;"Водопровідні шланги";0;0
3069;4629782;;;;4629728;"Ревізійні люки";0;0
619;4629788;;;;4658044;"Повітророзподільні пристрої";0;0
1353;4629794;;;;4629728;"Утеплювач для труб";0;0
3473;4629800;;;;4629728;"Засоби герметизації";0;0
1545;4629806;;;;4629728;"Колектори та колекторні шафи";0;0
4960;4629812;;;;4628621;"Лікувально-профілактичні засоби";0;0
3939;4629818;;;;4630262;"Послуги страхування";0;0
3222;4629824;;;;4675908;Презервативи;0;0
3790;4629830;;;;4627949;"Товари Самсунг";0;0
3289;4629842;;;;753584;"Серебряные цепи";0;0
1675;4629848;;;;4625025;"Цукерки у м'якій упаковці";0;0
3976;4629860;;;;80019;"Фильмы на Blu-Ray дисках";0;0
4104;4629866;;;;80260;Квіти;0;0
2071;4629872;;;;298222;Микрофоны;0;0
5619;4629879;;;;83850;"Уцінені алкогольні напої та продукти";0;0
396;4629896;;;;4628348;Балалайки;0;0
1961;4629908;;;;4628348;"Етнічні інструменти";0;0
336;4629914;;;;230133;"Альтернативні джерела енергії";0;0
4030;4629920;;;;4629914;"Сонячні панелі";0;0
3416;4629926;;;;4629914;"Сонячні колектори та геліосистеми";0;0
2049;4629932;;;;4629914;"Кріплення і аксесуари";0;0
4022;4629938;;;;4639536;"Форми для виробництва";0;0
5660;4629944;;;;83850;"Уцінені електронні сигарети та аксесуари";0;0
1191;4629950;;;;4625698;"Рідкі шпалери";0;0
2142;4629968;;;;4648566;Мотоцикли;0;0
3815;4629974;;;;4673770;"Гальмівні диски";0;0
3817;4629980;;;;4673770;"Гальмівні колодки";0;0
1310;4629986;;;;4630220;Парасолі;0;0
3418;4629992;;;;4630220;"Сонцезахисні окуляри";0;0
797;4629998;;;;4630220;"Головні убори";0;0
2012;4630013;;;;152458;"Меблева фурнітура";0;0
2263;4630020;;;;4629842;"Мужские цепи";0;0
220;4630027;;;;80106;"Аксесуари для ванної кімнати";0;0
4190;4630034;;;;2460402;"Шило та нитки для прошивки";0;0
3061;4630041;;;;4625746;"Витратні матеріали для принтерів наклейок";0;0
4300;4630048;;;;4625901;Електроскутери;0;0
574;4630055;;;;375695;Вази;0;0
2078;4630082;;;;4644440;"Міні АЗС";0;0
4021;4630088;;;;4626629;"Форми для льоду";0;0
3267;4630100;;;;80253;"Серверне обладнання";0;0
3270;4630130;;;;4630100;"Серверні шафи";0;0
3269;4630136;;;;4630100;"Серверні стійки";0;0
282;4630142;;;;4630100;"Аксесуари для серверних стійок і шаф";0;0
1669;4630160;;;;80026;"Контролери RAID";0;0
1420;4630166;;;;4630100;"Кабели и переходники для серверов";0;0
1976;4630178;;;;4633969;"Маршрутизаторы SMB";0;0
144;4630184;;;;4630100;"KVM-переключатели SMB";0;0
145;4630184;;;;4630100;"KVM-переключатели SMB";0;0
143;4630184;;;;4630100;"KVM-перемикачі SMB";0;0
652;4630196;;;;4631882;Відеокомутатори;0;0
3610;4630220;;;;1162030;"Сумки та аксесуари";0;0
2545;4630226;;;;4633601;Картхолдери;0;0
749;4630232;;;;4633609;"Краватки та метелики";0;0
1225;4630238;;;;4633601;"Зажимы для купюр";0;0
2686;4630244;;;;4630220;Рукавиці;0;0
2826;4630250;;;;4633609;Підтяжки;0;0
2518;4630256;;;;4657803;Вікна;0;0
3936;4630262;;;;0;"Послуги та сервіси";0;0
2473;4630268;;;;4627851;"Обладнання і матеріали для сувенірної продукції";0;0
2470;4630274;;;;4630268;"Обладнання для сублімації";0;0
1996;4630280;;;;4630268;"Матеріали для сублімації";0;0
290;4630286;;;;4630268;"Аксесуари для сублімації";0;0
2466;4630292;;;;4630274;"Обладнання для різання та висікання металу";0;0
897;4630322;;;;753884;"Детские браслеты";0;0
3093;4630328;;;;4630220;"Ремені та пояси";0;0
4175;4630335;;;;4630220;"Шарфи та хустки";0;0
1523;4630342;;;;4633601;"Ключниці кишенькові";0;0
1724;4630349;;;;4630220;"Косметички та несесери";0;0
1744;4630356;;;;4633601;Гаманці;0;0
2878;4630363;;;;4633601;Портмоне;0;0
433;4630370;;;;4630220;Біжутерія;0;0
3146;4630377;;;;4630220;Рюкзаки;0;0
2694;4630391;;;;4625734;"Друкована продукція";0;0
3542;4630405;;;;3933312;"Стерилізатори, підігрівачі і сушарки для пляшечок";0;0
4151;4630412;;;;3933312;"Чохли та термосумки для пляшечок";0;0
1971;4630419;;;;4034476;"Маркери та лінери";0;0
3838;4630433;;;;2460422;"Тренажери для письма та читання";0;0
2541;4630440;;;;4626629;"Органайзери для бару";0;0
30;4630454;;;;4627858;Автозапчастини;0;0
4208;4630461;;;;4631312;Шафи-купе;0;0
2308;4630468;;;;4265798;"Набори у пологовий будинок";0;0
3106;4630482;;;;4265805;Робототехніка;0;0
4266;4630489;;;;4628124;"Екшн-камери й аксесуари";0;0
1464;4630494;;;;2460397;"Картонні коробки";0;0
5612;4630506;;;;83850;"Уцінене серверне обладнання";0;0
5635;4630512;;;;83850;"Уцінені новорічні товари";0;0
329;4630518;;;;267255;"Акустичні матеріали";0;0
965;4630524;;;;88468;"Для юных модниц";0;0
3442;4630536;;;;4265805;Спінери;0;0
951;4630542;;;;4643944;"Діагностичне обладнання";0;0
369;4630548;;;;4639408;Аромалампи;0;0
4384;4630644;;;;2048602;"Аксесуари для манікюру";0;0
724;4630656;;;;88468;"Высокотехнологичные игрушки";0;0
4317;4630662;;;;80256;"Эргономика рабочего места";0;0
1288;4630668;;;;152458;Дзеркала;0;0
5622;4630674;;;;83850;"Уцінені графічні планшети";0;0
5620;4630680;;;;96632;"Уцінені відеокарти";0;0
5613;4630686;;;;96632;"Уцінене мережеве обладнання";0;0
5625;4630692;;;;96632;"Уцінені жорсткі диски, SSD";0;0
5631;4630698;;;;96632;"Уцінені корпуси";0;0
5626;4630704;;;;96632;"Уцінені звукові карти";0;0
5644;4630710;;;;96632;"Уцінені системи охолодження, блоки живлення";0;0
5645;4630716;;;;96632;"Уцінені стабілізатори напруги, ДБЖ";0;0
5632;4630722;;;;96632;"Уцінені материнські плати";0;0
5606;4630728;;;;96632;"Уцінена оперативна пам'ять";0;0
5637;4630734;;;;96632;"Уцінені оптичні приводи";0;0
5642;4630740;;;;96632;"Уцінені процесори";0;0
1564;4630752;;;;724004;"Кольца солитеры (одинарники)";0;0
1558;4630758;;;;724004;"Кольца для годовщин/юбилеев";0;0
3126;4630764;;;;4630454;"Кермове керування";0;0
3127;4630770;;;;4630764;"Кермові рейки та механізми";0;0
2375;4630776;;;;4630764;"Насоси та бачки ГПК";0;0
3094;4630800;;;;4630764;"Ремонтні комплекти кермових механізмів";0;0
5358;4630818;;;;4673827;"Сальники автомобільні";0;0
5284;4630854;;;;4630764;"Пильовики кермових тяг";0;0
5741;4631016;;;;4630764;"Шланги та трубки ГПК";0;0
5338;4631034;;;;4630764;"Кермові вали та комплектуючі";0;0
95;4631186;;;;4632152;3D-ручки;0;0
1336;4631200;;;;4265805;"Іграшки для пляжу, пісочниці та ванної";0;0
2790;4631214;;;;4625698;"Підвісні стелі";0;0
5614;4631235;;;;83850;"Уцінене торгове обладнання";0;0
195;4631242;;;;80158;"Акумуляторні пилососи";0;0
3016;4631249;;;;80158;"Пилососи для сухого прибирання";0;0
2149;4631256;;;;80158;"Мийні пилососи";0;0
75;4631263;;;;4654538;"Автомобильные пылесосы";0;0
74;4631263;;;;4654538;"Автомобільні пилососи";0;0
2520;4631270;;;;80158;"Віконні пилососи";0;0
1533;4631298;;;;3803561;"Кнопки керування, кнопкові пости, сигнальні лампи";0;0
1237;4631305;;;;4633609;"Запонки та затискачі для краваток";0;0
4201;4631312;;;;4648752;Шафи;0;0
2312;4631319;;;;4643632;"Набори для вишивання бісером";0;0
2313;4631326;;;;4643632;"Набори для вишивання хрестиком";0;0
2321;4631333;;;;4643632;"Набори алмазної вишивки";0;0
5621;4631347;;;;83850;"Уцінені гаджети та подарунки";0;0
1365;4631354;;;;4648686;"Крісла колісні";0;0
3707;4631365;;;;80192;"Теплові завіси";0;0
1604;4631376;;;;80256;"Комплектуючі для ноутбуків";0;0
1500;4631383;;;;4631376;"Клавіатури для ноутбуків";0;0
1602;4631397;;;;152458;"Комплектуючі для меблів";0;0
1999;4631404;;;;4631376;"Матриці (дисплеї) для ноутбуків";0;0
1983;4631411;;;;4637543;"Маски для сну";0;0
740;4631418;;;;4630454;"Газове обладнання для автомобілів";0;0
1624;4631425;;;;4631418;"Комплекти ГБО";0;0
399;4631432;;;;4631418;"Балони ГБО";0;0
3073;4631446;;;;4631418;"Редуктори ГБО";0;0
4023;4631453;;;;4631418;"Форсунки ГБО";0;0
1593;4631460;;;;4631418;"Комплектуючі ГБО";0;0
3088;4631467;;;;4631418;"Ремкомплекти ГБО";0;0
2275;4631502;;;;4631418;"Мультиклапани ГБО";0;0
1503;4631509;;;;4631418;"Клапани ГБО";0;0
3778;4631516;;;;4648686;"Товари для реабілітації та гігієни";0;0
868;4631523;;;;753814;"Декоративные шкатулки";0;0
1393;4631530;;;;1230965;"Инструменты для сетевого оборудования";0;0
1654;4631537;;;;1230965;Конектори;0;0
1424;4631544;;;;1230965;"Кабельные стяжки";0;0
3062;4631551;;;;1230965;"Расходные материалы для сетевого оборудования";0;0
1916;4631558;;;;1230965;"Лицевые панели";0;0
2099;4631565;;;;1230965;"Модулі для патч-панелей";0;0
2650;4631572;;;;1230965;Патч-корди;0;0
655;4631579;;;;4631882;"Розгалужувачі відеосигналу";0;0
2651;4631586;;;;1230965;Патч-панелі;0;0
2018;4631616;;;;4630013;"Меблеві ручки та гачки";0;0
1765;4631623;;;;4630013;"Кріпильна фурнітура";0;0
2690;4631630;;;;4630013;Петлі;0;0
2427;4631637;;;;4630013;"Ніжки, ролики, опори";0;0
2856;4631644;;;;4630013;"Тримачі для полиць";0;0
2059;4631651;;;;4630013;Механізми;0;0
3971;4631658;;;;4630013;Фасади;0;0
1234;4631665;;;;4630013;"Замки меблеві";0;0
3032;4631672;;;;4630013;"Розсувні системи";0;0
2361;4631679;;;;4630013;"Наповнення та фурнітура для кухонь";0;0
2563;4631693;;;;4630013;"Освітлення для меблів";0;0
2017;4631700;;;;4631616;"Меблеві ручки";0;0
2013;4631707;;;;4631616;"Меблеві гачки";0;0
2057;4631714;;;;4631623;Металовироби;0;0
3594;4631721;;;;4631623;Стяжки;0;0
2015;4631728;;;;4631637;"Меблеві опори";0;0
2527;4631735;;;;4631637;"Опори для столів";0;0
3115;4631742;;;;4631637;"Меблеві ролики";0;0
2855;4631749;;;;4631644;"Тримачі для полиць";0;0
2335;4631756;;;;4631644;Навіси;0;0
721;4631763;;;;4631651;"Висувні механізми";0;0
2833;4631770;;;;4631651;"Підіймальні механізми";0;0
1454;4631777;;;;4631679;Карго;0;0
1689;4631784;;;;4631679;"Кошики та відра";0;0
3628;4631791;;;;4631679;"Сушарки для посуду";0;0
1930;4631798;;;;4631679;Лотки;0;0
355;4631805;;;;4630013;"Антиковзні килимки";0;0
4125;4631812;;;;4630013;Цоколі;0;0
1846;4631826;;;;4630013;"Кухонні плінтуси";0;0
1211;4631833;;;;4631623;Заглушки;0;0
704;4631840;;;;81203;"Все для більярду";0;0
183;4631847;;;;4645872;Aвточохли;0;0
994;4631854;;;;2394297;"Дренажні системи";0;0
1272;4631875;;;;4625710;"Затиральні суміші (Фуга)";0;0
656;4631882;;;;237067;"Відеорозгалужувачі і відеокомутатори";0;0
659;4631889;;;;4631882;"Подовжувачі сигналів";0;0
2140;4631896;;;;4648566;Мототовари;0;0
2145;4631903;;;;4652026;Мотошоломи;0;0
1557;4631910;;;;753634;"Кольца для годовщин/юбилеев";0;0
1563;4631917;;;;753634;"Кольца солитеры (одинарники)";0;0
4169;4631921;;;;4630220;"Шапки, шарфы и перчатки";0;0
2317;4631928;;;;3973653;"Наборы для новорожденных";0;0
2051;4631935;;;;4663213;Металорукави;0;0
3352;4631942;;;;4630100;"Системы хранения данных";0;0
3712;4631949;;;;4639424;"Ізоляційні матеріали";0;0
3203;4631956;;;;4631693;"Світильники для меблів";0;0
2016;4631963;;;;4631693;"Мебельные розетки";0;0
1423;4631970;;;;4631693;"Кабельные каналы";0;0
620;4631977;;;;4631679;"Вентиляційні решітки для меблів";0;0
2360;4631984;;;;4630013;"Наповнення та фурнітура для гардеробів";0;0
1915;4631991;;;;4631984;Ліфти;0;0
2854;4631998;;;;4631984;"Полиці та вішаки";0;0
3019;4632005;;;;4625084;"Засоби для виведення плям та відбілювачі";0;0
1653;4632012;;;;4625084;"Кондиціонери для білизни";0;0
356;4632019;;;;4625084;"Антистатики, засоби для прасування, підкрохмалювачі";0;0
4910;4632026;;;;4625084;Барвники;0;0
3487;4632033;;;;4625091;"Засоби для посудомийних машин";0;0
2150;4632040;;;;4625091;"Мийні засоби";0;0
2559;4632068;;;;4625077;"Освіжувачі повітря";0;0
3483;4632075;;;;4625077;"Засоби для миття вікон";0;0
3496;4632089;;;;4625077;"Засоби для чищення килимів та м'яких меблів";0;0
3484;4632096;;;;4625077;"Засоби для миття підлог";0;0
3550;4632103;;;;4625084;"Пральні засоби";0;0
3104;4632117;;;;102912;Малювання;0;0
2354;4632124;;;;102912;"Наклейки, стикери, тату";0;0
1341;4632131;;;;102912;"Виготовлення прикрас";0;0
2102;4632138;;;;102912;Мозаїки;0;0
3035;4632145;;;;102912;"Різні набори для дитячої творчості";0;0
3682;4632152;;;;102912;"Творчість у 3D";0;0
359;4632159;;;;102912;"Аплікації та вироби з паперу";0;0
1892;4632166;;;;102912;Ліплення;0;0
728;4632173;;;;102912;Вишивання;0;0
1340;4632180;;;;102912;"Виготовлення іграшок";0;0
2754;4632187;;;;102912;"Плетіння декору та аксесуарів";0;0
4196;4632194;;;;102912;"Шиття та в'язання";0;0
3372;4632201;;;;102912;"Скрапбукінг і кардмейкінг";0;0
871;4632208;;;;102912;"Декупаж та розпис";0;0
2294;4632747;;;;4627659;"М'ясні консерви";0;0
2803;4632754;;;;4642712;"Підкрилки (локери)";0;0
2114;4632768;;;;4624997;"Молочні продукти";0;0
4039;4632831;;;;4627659;"Фруктовые концентраты";0;0
1386;4632848;;;;4632873;"Інструментальні меблі";0;0
2297;4632859;;;;4643416;М'ясо;0;0
286;4632860;;;;4638631;"Аксесуари для систем нагрівання тютюну";0;0
1387;4632873;;;;3423154;"Інструментальні меблі та ложементи";0;0
1924;4632881;;;;4632873;Ложементи;0;0
667;4632889;;;;4672478;"Вінілові платівки";0;0
1435;4632897;;;;4626923;"Кальяни та аксесуари";0;0
2849;4632905;;;;4659755;Поліграфія;0;0
2280;4632913;;;;3520929;"Мурашині ферми";0;0
1409;4632937;;;;248659;"Штучні ялинки";0;0
1410;4632945;;;;248659;"Штучні сосни";0;0
2823;4632953;;;;248659;"Підставки та покривала для ялинок";0;0
1363;4632977;;;;4627659;Ікра;0;0
3708;4632993;;;;80079;"Теплові насоси";0;0
2358;4633001;;;;4624997;Напої;0;0
3427;4633009;;;;4627659;"Соуси та олія";0;0
1648;4633017;;;;4624997;"Кондитерські вироби";0;0
1658;4633041;;;;4627659;Консервація;0;0
3691;4633057;;;;4642984;"Візки для супермаркетів";0;0
3690;4633065;;;;4640752;Візки;0;0
3362;4633073;;;;4633065;"Складські візки";0;0
3335;4633081;;;;4631984;"Система Joker";0;0
2416;4633097;;;;368610;"Новорічний декор для інтер'єру";0;0
2410;4633105;;;;368610;"Новорічні іграшки";0;0
2409;4633121;;;;368610;"Новорічні вінки і композиції";0;0
2419;4633129;;;;368610;"Новорічний вуличний декор";0;0
3292;4633137;;;;80260;"Серпантин, конфеті, хлопавки";0;0
1021;4633145;;;;4633105;"Ялинкові іграшки";0;0
631;4633153;;;;4633105;"Верхівки на ялинку";0;0
1022;4633161;;;;4633105;"Кулі на ялинку";0;0
971;4633169;;;;4633105;"Дощик на ялинку";0;0
2090;4633185;;;;4633105;Мішура;0;0
560;4633193;;;;4633105;"Намисто на ялинку";0;0
3112;4633201;;;;4633121;"Різдвяні вінки";0;0
859;4633209;;;;4633121;"Декоративні гілки";0;0
4069;4633217;;;;4633121;"Хвойні гірлянди";0;0
2411;4633225;;;;4633121;"Новорічні композиції";0;0
1888;4633233;;;;4633105;"Стрічка на ялинку";0;0
1414;4633265;;;;4633097;"Штучний сніг";0;0
2412;4633273;;;;4633097;"Новорічні наклейки";0;0
2414;4633297;;;;4633097;"Новорічні фігурки";0;0
2417;4633305;;;;4633097;"Новорічний декор на стіну";0;0
2418;4633313;;;;4633097;"Новорічний декор на стіл";0;0
2799;4633337;;;;4631679;Піддони;0;0
1322;4633345;;;;80260;"Гральні карти";0;0
1470;4633353;;;;80260;"Карти Таро";0;0
697;4633377;;;;4265805;"Чарівні палички";0;0
217;4633385;;;;161187;"Аксесуари для бетономішалок";0;0
1009;4633393;;;;80106;"Душові кабіни, стінки, двері і перегородки";0;0
2014;4633401;;;;4631644;"Меблеві магніти";0;0
1056;4633409;;;;4634785;"Жіночі черевики";0;0
1053;4633417;;;;4634729;"Жіночі босоніжки";0;0
1169;4633425;;;;4634737;"Жіночі туфлі";0;0
1143;4633433;;;;4634777;"Чоботи жіночі";0;0
2083;4633441;;;;4648272;Міні-пивоварні;0;0
2461;4633449;;;;4647574;"Обладнання для майнінгу";0;0
2916;4633513;;;;4639184;"Засоби захисту рослин";0;0
765;4633521;;;;4633513;Гербіциди;0;0
4043;4633529;;;;4633513;Фунгіциди;0;0
1382;4633545;;;;4633513;Інсектициди;0;0
3109;4633553;;;;4633513;Родентициды;0;0
893;4633561;;;;2033137;"Дитячий одяг";0;0
2369;4633585;;;;91450;"Наручні та кишенькові годинники";0;0
3612;4633593;;;;4630220;"Сумки и рюкзаки";0;0
1746;4633601;;;;4630220;"Гаманці та портмоне";0;0
750;4633609;;;;4630220;"Краватки та підтяжки";0;0
4340;4633617;;;;102573;"Ящики для іграшок";0;0
434;4633633;;;;375695;Біжутерниця;0;0
2674;4633641;;;;273291;"Перехідні рамки";0;0
1784;4633657;;;;4633993;"Кросівки для хлопчиків";0;0
4504;4633665;;;;80260;Віяла;0;0
1171;4633681;;;;4634777;"Уги жіночі";0;0
503;4633689;;;;4634009;"Черевики для хлопчиків";0;0
3877;4633697;;;;4634017;"Туфлі для хлопчиків";0;0
3165;4633713;;;;4638879;"Хвойні дерева і чагарники";0;0
1482;4633721;;;;4633993;"Кеди для хлопчиків";0;0
3405;4633729;;;;4633993;"Сникеры для мальчиков";0;0
498;4633737;;;;4633993;"Борцовки для мальчиков";0;0
562;4633745;;;;4633993;"Бутси і борцовки для хлопчиків";0;0
3180;4633753;;;;721669;"Босоніжки і сандалі для хлопчиків";0;0
734;4633761;;;;4634001;"В'єтнамки і сланці для хлопчиків";0;0
3151;4633769;;;;4634001;"Крокси і сабо для хлопчиків";0;0
4225;4633777;;;;4634001;"Шльопанці для хлопчиків";0;0
194;4633785;;;;4634001;"Аквашузи для хлопчиків";0;0
3889;4633793;;;;4634009;"Уги для хлопчиків";0;0
3080;4633801;;;;4634009;"Гумові чоботи для хлопчиків";0;0
3186;4633809;;;;4634009;"Чоботи для хлопчиків";0;0
525;4633817;;;;4634025;"Броги для мальчиков";0;0
2105;4633833;;;;4634017;"Мокасини для хлопчиків";0;0
3383;4633841;;;;4633993;"Сліпони для хлопчиків";0;0
3811;4633849;;;;4634017;"Топсайдеры для мальчиков";0;0
251;4633857;;;;4630013;"Аксесуари для меблевої фурнітури";0;0
4157;4633865;;;;4634353;"Чешки для хлопчиків";0;0
4321;4633873;;;;4634017;"Эспадрильи для мальчиков";0;0
1584;4633881;;;;721669;"Тапочки для хлопчиків";0;0
2231;4633897;;;;4634809;"Чоловічі гумові чоботи";0;0
439;4633905;;;;4631840;"Більярдні кулі";0;0
438;4633913;;;;4631840;"Більярдні столи";0;0
3202;4633921;;;;4631840;"Світильники більярдні";0;0
1490;4633929;;;;4631840;"Киї для більярду";0;0
1488;4633937;;;;4631840;"Києвниці та полиці для куль";0;0
437;4633945;;;;4631840;"Більярдне сукно";0;0
218;4633953;;;;4631840;"Аксесуари для більярда";0;0
1977;4633969;;;;4630100;"Маршрутизаторы и коммутаторы SMB";0;0
1579;4633977;;;;4633969;"Коммутаторы SMB";0;0
4084;4633985;;;;4670601;"Холодильні вітрини";0;0
1786;4633993;;;;721669;"Кросівки і кеди для хлопчиків";0;0
3181;4634001;;;;721669;"Крокси і шльопанці для хлопчиків";0;0
506;4634009;;;;721669;"Черевики і чоботи для хлопчиків";0;0
2107;4634017;;;;721669;"Мокасини і туфлі для хлопчиків";0;0
3878;4634025;;;;721669;"Туфли для мальчиков";0;0
2479;4634033;;;;1158130;"Обувь для малышей";0;0
2715;4634041;;;;1230990;Пінетки;0;0
3402;4634049;;;;2394297;"Снігоприбиральна техніка та інвентар";0;0
1927;4634057;;;;4634049;"Лопати для прибирання снігу";0;0
2609;4634065;;;;4627764;"Панірувальні сухарі";0;0
5011;4634073;;;;4633513;Молюскоциди;0;0
2972;4634081;;;;4633513;"Протруйники насіння";0;0
888;4634089;;;;4633513;Десиканти;0;0
2927;4634097;;;;4633513;Прилипачі;0;0
3547;4634105;;;;2117562;"Стимулятори росту рослин";0;0
2068;4634121;;;;2117562;Мікродобрива;0;0
446;4634129;;;;2117562;Біодобрива;0;0
3095;4634137;;;;4633513;Репелленты;0;0
1783;4634153;;;;4634361;"Кросівки для дівчаток";0;0
3404;4634161;;;;4634361;"Сникеры для девочек";0;0
1481;4634169;;;;4634361;"Кеди для дівчаток";0;0
3185;4634177;;;;4634369;"Чоботи для дівчаток";0;0
3888;4634185;;;;4634369;"Уги для дівчаток";0;0
3079;4634193;;;;4634369;"Гумові чоботи для дівчаток";0;0
502;4634201;;;;4634369;"Черевики для дівчаток";0;0
524;4634209;;;;4634393;"Броги для девочек";0;0
499;4634225;;;;721664;"Босоніжки і сандалі для дівчаток";0;0
3179;4634233;;;;4634377;"Сандалии для девочек";0;0
733;4634241;;;;4634377;"В'єтнамки і сланці для дівчаток";0;0
3150;4634249;;;;4634377;"Крокси і сабо для дівчаток";0;0
1583;4634265;;;;721664;"Тапочки для дівчаток";0;0
193;4634273;;;;4634377;"Аквашузи для дівчаток";0;0
2104;4634281;;;;4634393;"Мокасини для дівчаток";0;0
3382;4634289;;;;4634361;"Сліпони для дівчаток";0;0
4320;4634297;;;;4634385;"Эспадрильи для девочек";0;0
3876;4634305;;;;4634393;"Туфлі для дівчаток";0;0
398;4634313;;;;4634393;"Балетки для дівчаток";0;0
4156;4634337;;;;721664;"Чешки для дівчаток";0;0
2990;4634345;;;;4634401;"Пуанты для девочек";0;0
3668;4634353;;;;721669;"Танцювальне взуття для хлопчиків";0;0
1785;4634361;;;;721664;"Кросівки і кеди для дівчаток";0;0
505;4634369;;;;721664;"Черевики і чоботи для дівчаток";0;0
500;4634377;;;;721664;"Крокси і шльопанці для дівчаток";0;0
2106;4634385;;;;721664;"Мокасины, слипоны для девочек";0;0
3875;4634393;;;;721664;"Туфлі та балетки для дівчаток";0;0
3667;4634401;;;;721664;"Танцевальная обувь для девочек";0;0
3598;4634409;;;;4639184;"Субстрати і ґрунти для рослин";0;0
4224;4634417;;;;4634377;"Шльопанці для дівчаток";0;0
682;4634433;;;;80252;"Внутрипольные конвекторы";0;0
2364;4634441;;;;80252;"Напольные конвекторы";0;0
4268;4634449;;;;80252;"Електричні конвектори";0;0
1678;4634457;;;;4627311;Скарбнички;0;0
867;4634465;;;;375695;"Декоративні тарілки";0;0
1104;4634473;;;;4634713;"Жіночі кросівки";0;0
1153;4634481;;;;4634713;"Женские сникерсы";0;0
1090;4634489;;;;4634713;"Жіночі кеди";0;0
1140;4634497;;;;721659;"Жіночі сабо, крокси";0;0
1120;4634505;;;;4634721;"Жіночі мюлі";0;0
1126;4634513;;;;4634721;"Женские пантолеты";0;0
1069;4634521;;;;4634721;"Жіночі в'єтнамки, сланці";0;0
1182;4634537;;;;4634721;"Жіночі шльопанці";0;0
1045;4634545;;;;4634721;"Жіночі аквашузи";0;0
1142;4634553;;;;4634729;"Жіночі сандалі";0;0
1080;4634561;;;;4634777;"Дутики жіночі";0;0
1110;4634569;;;;4634737;"Женские лодочки";0;0
1113;4634577;;;;4634737;"Жіночі лофери";0;0
1119;4634585;;;;4634737;"Женские монки";0;0
1063;4634593;;;;4634737;"Женские броги";0;0
1124;4634601;;;;4634737;"Жіночі оксфорди";0;0
1073;4634609;;;;4634737;"Женские дерби";0;0
1185;4634617;;;;4634745;"Женские эспадрильи";0;0
1150;4634625;;;;4634745;"Женские слиперы";0;0
1151;4634633;;;;721659;"Жіночі сліпони";0;0
1117;4634641;;;;721659;"Жіночі мокасини";0;0
1165;4634649;;;;4634753;"Женские топсайдеры";0;0
1065;4634673;;;;4634777;"Женские валенки";0;0
1172;4634681;;;;4634777;"Женские унты";0;0
1058;4634689;;;;4634777;"Ботфорти жіночі";0;0
1138;4634697;;;;4634777;"Гумові чоботи жіночі";0;0
1055;4634705;;;;4634785;"Жіночі ботильйони";0;0
1105;4634713;;;;721659;"Жіночі кросівки і кеди";0;0
1141;4634721;;;;721659;"В'єтнамки, шльопанці";0;0
1054;4634729;;;;721659;"Жіночі босоніжки, сандалі";0;0
1170;4634737;;;;721659;"Жіночі туфлі, балетки";0;0
1152;4634745;;;;721659;"Женские слипоны, эспадрильи";0;0
1118;4634753;;;;721659;"Женские мокасины, топсайдеры";0;0
1100;4634769;;;;721659;"Жіночі домашні капці";0;0
1144;4634777;;;;721659;"Жіночі чоботи, уги";0;0
1057;4634785;;;;721659;"Жіночі черевики, ботильйони";0;0
1048;4634793;;;;4634737;"Жіночі балетки";0;0
2207;4634801;;;;721654;"Чоловіче спортивне взуття";0;0
2166;4634809;;;;721654;"Чоловічі черевики, чоботи";0;0
2178;4634817;;;;721654;"Чоловічі в'єтнамки, шльопанці, аквашузи";0;0
2235;4634825;;;;721654;"Чоловічі сандалі";0;0
2256;4634833;;;;721654;"Мужские туфли и броги";0;0
2216;4634841;;;;721654;"Мужские мокасины, топсайдеры";0;0
2245;4634849;;;;721654;"Мужские слипоны, эспадрильи";0;0
2201;4634857;;;;721654;"Чоловічі домашні капці";0;0
2206;4634865;;;;4634801;"Чоловічі кросівки";0;0
2234;4634873;;;;721654;"Чоловічі сабо, крокси";0;0
2177;4634881;;;;4634817;"Чоловічі в'єтнамки, сланці";0;0
2265;4634889;;;;4634817;"Чоловічі шльопанці";0;0
2159;4634897;;;;4634817;"Чоловічі аквашузи";0;0
2244;4634905;;;;4634849;"Мужские слипоны";0;0
2268;4634913;;;;721654;"Чоловічі сліпони";0;0
2193;4634921;;;;4634801;"Чоловічі кеди";0;0
2164;4634929;;;;4634801;"Чоловічі борцівки";0;0
2246;4634937;;;;4634801;"Мужские сникеры";0;0
2172;4634945;;;;4634801;"Чоловічі бутси";0;0
2165;4634953;;;;4634809;"Чоловічі черевики";0;0
2236;4634961;;;;4634809;"Чоловічі чоботи";0;0
2215;4634969;;;;721654;"Чоловічі мокасини";0;0
2253;4634977;;;;4634841;"Мужские топсайдеры";0;0
2255;4634985;;;;721654;"Чоловічі туфлі";0;0
2217;4634993;;;;4634833;"Мужские монки";0;0
2221;4635001;;;;4634833;"Мужские оксфорды";0;0
2170;4635009;;;;4634833;"Мужские броги";0;0
2181;4635017;;;;4634833;"Мужские дерби";0;0
2257;4635025;;;;4634809;"Чоловічі уги";0;0
2717;4635033;;;;84625;Пиротехника;0;0
3709;4635041;;;;4632993;"Тепловые насосы воздух-вода";0;0
3710;4635049;;;;4632993;"Тепловые насосы для бассейнов";0;0
825;4635057;;;;2394287;"Грязезащитные покрытия";0;0
2440;4635073;;;;4625433;Нунчаки;0;0
2594;4635089;;;;4628996;"Окуляри для читання";0;0
2592;4635097;;;;4628996;"Окуляри для комп'ютера";0;0
1280;4635113;;;;146202;"Захисні плівки";0;0
1284;4635121;;;;146202;"Захисне скло";0;0
1283;4635129;;;;146202;"Защитные покрытия";0;0
1717;4635137;;;;152458;"Косметика для меблів";0;0
1052;4635145;;;;4635727;"Жіночі бомбери";0;0
1066;4635153;;;;4635727;"Жіночі вітровки";0;0
1092;4635161;;;;4635727;"Жіночі шкіряні куртки";0;0
1121;4635169;;;;4637631;"Женские накидки";0;0
1135;4635185;;;;4675864;"Жіночі пончо";0;0
1072;4635193;;;;4635727;"Жіночі міжсезонні куртки";0;0
1125;4635201;;;;4637535;"Жіночі пальта";0;0
1134;4635209;;;;4672303;"Жіночі кожушки";0;0
1127;4635217;;;;4637535;"Жіночі парки";0;0
1131;4635225;;;;4637535;"Жіночі тренчі";0;0
1137;4635233;;;;4637535;"Жіночі пуховики";0;0
1184;4635241;;;;4672303;"Жіночі натуральні шуби";0;0
1079;4635249;;;;4672303;"Жіночі дублянки";0;0
617;4635265;;;;4631376;"Вентилятори для ноутбуків";0;0
4258;4635271;;;;4635719;"Шумоізоляція автомобіля";0;0
1085;4635287;;;;4675864;"Жіночі жилети";0;0
2163;4635295;;;;4635743;"Чоловічі бомбери";0;0
2174;4635303;;;;4635743;"Чоловічі вітровки";0;0
2189;4635311;;;;4635743;"Чоловічі зимові куртки";0;0
2222;4635327;;;;1136470;"Чоловічі пальта";0;0
2223;4635335;;;;4635743;"Чоловічі парки";0;0
2226;4635343;;;;1136470;"Чоловічі тренчі";0;0
2229;4635351;;;;4635743;"Чоловічі пуховики";0;0
2186;4635359;;;;1136470;"Чоловічі дублянки";0;0
2251;4635375;;;;1136470;"Чоловічі теплі жилети";0;0
87;4635391;;;;4632152;3D-аппликации;0;0
92;4635399;;;;4632152;"Пластик для 3D ручок";0;0
93;4635407;;;;4632152;3D-раскраски;0;0
2333;4635415;;;;4632152;"Наборы с 3D-гелем";0;0
2334;4635423;;;;4632152;"Наборы с 3D-маркерами";0;0
639;4635431;;;;4636711;"Вітрівки для дівчаток";0;0
490;4635439;;;;4636711;"Бомберы для девочек";0;0
1833;4635447;;;;4636711;"Куртки для дівчаток";0;0
2870;4635455;;;;4636799;"Напівкомбінезони для дівчаток";0;0
2603;4635463;;;;4636711;"Пальта для дівчаток";0;0
2749;4635471;;;;4636711;"Плащи для девочек";0;0
90;4635479;;;;4632152;3D-наклейки;0;0
2835;4635487;;;;161187;"Пожежне обладнання";0;0
2488;4635495;;;;4635487;Вогнегасники;0;0
3125;4635503;;;;4640384;"Рукава пожежні";0;0
2195;4635511;;;;4635743;"Чоловічі шкіряні куртки";0;0
2180;4635519;;;;4635743;"Чоловічі міжсезонні куртки";0;0
2212;4635527;;;;4674073;"Чоловічі лижні штани";0;0
1086;4635535;;;;4635727;"Жіночі зимові куртки";0;0
1114;4635543;;;;4672323;"Жіночі лижні штани";0;0
491;4635551;;;;4636111;"Бомберы для малышей";0;0
640;4635559;;;;4636111;"Ветровки для малышей";0;0
2604;4635567;;;;4636111;"Пальто для малышей";0;0
1197;4635575;;;;4636191;"Жилеты для малышей";0;0
2750;4635583;;;;4636111;"Плащи для малышей";0;0
1570;4635591;;;;4636175;"Комбинезоны для малышей";0;0
2998;4635599;;;;4636191;"Пуловеры для малышей";0;0
469;4635607;;;;4636159;"Блузы для малышей";0;0
3121;4635615;;;;4636159;"Рубашки для малышей";0;0
475;4635623;;;;1230990;"Боді для малюків";0;0
2689;4635631;;;;1230990;"Пісочники для малюків";0;0
534;4635639;;;;4636119;"Брюки для малышей";0;0
942;4635647;;;;4636191;"Джемперы для малышей";0;0
949;4635655;;;;4636119;"Джинсы для малышей";0;0
520;4635663;;;;4636119;"Бриджи для малышей";0;0
3794;4635671;;;;4646112;"Толстовки для малышей";0;0
1456;4635679;;;;4636191;"Кардиганы для малышей";0;0
1834;4635687;;;;4636111;"Куртки для малышей";0;0
645;4635695;;;;4635719;"Віброізоляція автомобіля";0;0
3713;4635703;;;;4635719;"Теплоизоляция автомобиля";0;0
2969;4635711;;;;4635719;"Протискрипні матеріали";0;0
1352;4635719;;;;4656398;"Ізоляція салону автомобіля";0;0
1108;4635727;;;;4637535;"Жіночі куртки";0;0
1047;4635735;;;;4635727;"Жіночі анораки";0;0
2210;4635743;;;;1136470;"Чоловічі куртки";0;0
2161;4635751;;;;4635743;"Чоловічі анораки";0;0
1621;4635759;;;;4636111;"Комплекты верхней одежды для малышей";0;0
1625;4635767;;;;1230990;"Комплекти для малюків";0;0
1727;4635775;;;;4636183;"Костюмы для малышей";0;0
1739;4635783;;;;4636191;"Кофты для малышей";0;0
1929;4635791;;;;4636119;"Лосины для малышей";0;0
2746;4635799;;;;4636143;"Платья для малышей";0;0
2871;4635807;;;;4636175;"Полукомбинезоны для малышей";0;0
4053;4635815;;;;4636159;"Футболки для малышей";0;0
486;4635823;;;;4636191;"Болеро для малышей";0;0
688;4635831;;;;4636159;"Водолазки для малышей";0;0
730;4635839;;;;4636159;"Вышиванки для малышей";0;0
1030;4635847;;;;4636191;"Жакеты для малышей";0;0
2706;4635855;;;;4636191;"Пиджаки для малышей";0;0
1829;4635863;;;;4636199;"Купальники для малышей";0;0
1951;4635871;;;;4636159;"Майки для малышей";0;0
2710;4635879;;;;4636127;"Пижамы для малышей";0;0
2729;4635887;;;;4636199;"Плавки для малышей";0;0
2848;4635895;;;;1230990;"Повзунки для малюків";0;0
2858;4635903;;;;4636159;"Поло для малышей";0;0
3046;4635911;;;;1230990;"Дитячі сорочечки для немовлят";0;0
3215;4635919;;;;4636191;"Свитера для малышей";0;0
3468;4635927;;;;4636119;"Спортивные штаны для малышей";0;0
3458;4635935;;;;4636183;"Спортивные костюмы для малышей";0;0
3461;4635943;;;;4646112;"Спортивные кофты для малышей";0;0
4058;4635951;;;;4636159;"Футболки с длинными рукавами для малышей";0;0
4067;4635959;;;;4636127;"Халаты для малышей";0;0
4239;4635967;;;;4636119;"Шорты для малышей";0;0
4328;4635975;;;;4636143;"Юбки для малышей";0;0
239;4635983;;;;4632897;"Аксесуари для кальянів";0;0
1428;4635991;;;;4635983;"Калауди для кальянів";0;0
1542;4635999;;;;4635983;"Колби для кальянів";0;0
4220;4636007;;;;4635983;"Шланги для кальянів";0;0
4132;4636015;;;;4635983;"Чаші для кальянів";0;0
2278;4636023;;;;4648656;"Персональні мундштуки";0;0
1687;4636031;;;;4635983;"Кошики для вугілля";0;0
5062;4636039;;;;4635983;"Наконечники для кальянів";0;0
2812;4636047;;;;4635983;"Підсвітки для кальянів";0;0
1076;4636055;;;;4635727;"Жіночі джинсові куртки";0;0
2183;4636063;;;;4635743;"Чоловічі джинсові куртки";0;0
2438;4636071;;;;4636127;"Ночные рубашки для малышей";0;0
2496;4636079;;;;4636167;"Одяг для хрещення";0;0
3685;4636087;;;;4636167;"Текстиль для хрещення";0;0
3188;4636095;;;;4636143;"Сарафаны для малышей";0;0
3867;4636103;;;;4636143;"Туники для малышей";0;0
629;4636111;;;;1230990;"Верхняя одежда для малышей";0;0
4248;4636119;;;;1230990;"Штаны и шорты для малышей";0;0
2434;4636127;;;;1230990;"Ночная и домашняя одежда для малышей";0;0
3210;4636135;;;;375695;Свічки;0;0
2747;4636143;;;;1230990;"Платья и юбки для малышей";0;0
476;4636151;;;;1230990;"Боди и человечки для малышей";0;0
4056;4636159;;;;1230990;"Футболки и рубашки для малышей";0;0
705;4636167;;;;1230990;"Все для хрещення";0;0
1573;4636175;;;;1230990;"Комбинезоны и полукомбинезоны для малышей";0;0
1730;4636183;;;;1230990;"Костюмы и комплекты для малышей";0;0
1742;4636191;;;;1230990;"Кофты и свитера для малышей";0;0
2767;4636199;;;;1230990;"Пляжная одежда для малышей";0;0
535;4636215;;;;4636615;"Штани для хлопчиків";0;0
943;4636223;;;;4636639;"Джемперы для мальчиков";0;0
950;4636231;;;;4636615;"Джинси для хлопчиків";0;0
1622;4636239;;;;4636583;"Комплекти верхнього одягу для хлопчиків";0;0
1740;4636247;;;;4636639;"Кофти для хлопчиків";0;0
2711;4636255;;;;4636591;"Піжами для хлопчиків";0;0
1198;4636263;;;;4636623;"Жилети для хлопчиків";0;0
1457;4636271;;;;4636639;"Кардиганы для мальчиков";0;0
1571;4636279;;;;4636607;"Комбінезони для хлопчиків";0;0
1626;4636287;;;;4636623;"Комплекты для мальчиков";0;0
1728;4636295;;;;4636623;"Костюмы для мальчиков";0;0
1835;4636303;;;;4636583;"Куртки для хлопчиків";0;0
731;4636311;;;;4636599;"Вишиванки для хлопчиків";0;0
492;4636319;;;;4636583;"Бомберы для мальчиков";0;0
641;4636327;;;;4636583;"Вітрівки для хлопчиків";0;0
2605;4636335;;;;4636583;"Пальто для мальчиков";0;0
2628;4636343;;;;4636583;"Парки для мальчиков";0;0
3010;4636359;;;;4636583;"Пуховики для мальчиков";0;0
1002;4636367;;;;4636583;"Дубленки для мальчиков";0;0
4068;4636375;;;;4636591;"Халати для хлопчиків";0;0
2859;4636383;;;;4636599;"Поло для хлопчиків";0;0
3122;4636391;;;;4636599;"Сорочки для хлопчиків";0;0
4054;4636407;;;;4636599;"Футболки для хлопчиків";0;0
4059;4636415;;;;4636599;"Футболки з довгим рукавом для хлопчиків";0;0
2872;4636423;;;;4636607;"Напівкомбінезони для хлопчиків";0;0
4240;4636431;;;;4636615;"Шорти для хлопчиків";0;0
424;4636439;;;;4636615;"Бермуды для мальчиков";0;0
521;4636447;;;;4636615;"Бриджи для мальчиков";0;0
1448;4636455;;;;4636615;"Капри для мальчиков";0;0
2730;4636463;;;;4668235;"Плавки для хлопчиків";0;0
1952;4636471;;;;4636599;"Майки для хлопчиків";0;0
2707;4636479;;;;4636623;"Піджаки для хлопчиків";0;0
3454;4636503;;;;4636615;"Спортивні штани для хлопчиків";0;0
3459;4636511;;;;4636631;"Спортивні костюми для хлопчиків";0;0
3462;4636519;;;;4636631;"Спортивные кофты для мальчиков";0;0
689;4636535;;;;4636599;"Водолазки для хлопчиків";0;0
2999;4636543;;;;4636639;"Пуловеры для мальчиков";0;0
3216;4636551;;;;4636639;"Светри для хлопчиків";0;0
3219;4636559;;;;4668709;"Світшоти для хлопчиків";0;0
3795;4636567;;;;4668709;"Толстовки для хлопчиків";0;0
4097;4636575;;;;4668709;"Худі для хлопчиків";0;0
630;4636583;;;;1290392;"Верхній одяг для хлопчиків";0;0
2435;4636591;;;;1290392;"Піжами та домашній одяг для хлопчиків";0;0
3123;4636599;;;;1290392;"Футболки та сорочки для хлопчиків";0;0
1574;4636607;;;;1290392;"Комбінезони та напівкомбінезони для хлопчиків";0;0
536;4636615;;;;1290392;"Джинси, штани, шорти для хлопчиків";0;0
2708;4636623;;;;1290392;"Класичні костюми і піджаки";0;0
3449;4636631;;;;1290392;"Комплекти і спортивні костюми для хлопчиків";0;0
1743;4636639;;;;1290392;"Кофти та светри для хлопчиків";0;0
969;4636663;;;;4636711;"Дощовики для дівчаток";0;0
2627;4636671;;;;4636711;"Парки для девочек";0;0
3009;4636679;;;;4636711;"Пуховики для девочек";0;0
4257;4636687;;;;4636711;"Шуби і дублянки для дівчат";0;0
1001;4636695;;;;4636711;"Дубленки для девочек";0;0
1196;4636703;;;;4637031;"Жилети для дівчаток";0;0
628;4636711;;;;1285573;"Верхній одяг для дівчаток";0;0
2433;4636719;;;;1285573;"Піжами та домашній одяг для дівчаток";0;0
4066;4636727;;;;4636719;"Халати для дівчаток";0;0
2709;4636735;;;;4636719;"Піжами для дівчаток";0;0
2437;4636743;;;;4636719;"Нічні сорочки для дівчаток";0;0
470;4636751;;;;1285573;"Блузы и туники для девочек";0;0
468;4636759;;;;4636839;"Сорочки для дівчаток";0;0
729;4636767;;;;4636839;"Вишиванки для дівчаток";0;0
2857;4636775;;;;4636839;"Поло для дівчаток";0;0
3120;4636783;;;;4636751;"Рубашки для девочек";0;0
3866;4636791;;;;4636839;"Туніки для дівчаток";0;0
1572;4636799;;;;1285573;"Комбінезони і напівкомбінезони для дівчаток";0;0
1569;4636807;;;;4636799;"Комбінезони для дівчаток";0;0
1831;4636815;;;;1285573;"Купальники і пляжний одяг для дівчаток";0;0
1729;4636823;;;;1285573;"Костюмы и жакеты для девочек";0;0
2748;4636831;;;;1285573;"Плаття, сарафани та спідниці для дівчаток";0;0
4055;4636839;;;;1285573;"Футболки та блузи для дівчаток";0;0
1828;4636847;;;;4636815;"Купальники для дівчаток";0;0
2728;4636855;;;;4636815;"Плавки для дівчаток";0;0
1029;4636871;;;;4637031;"Жакети для дівчаток";0;0
2745;4636879;;;;4636831;"Плаття для дівчаток";0;0
457;4636887;;;;4636823;"Блейзеры для девочек";0;0
1726;4636895;;;;4636823;"Костюмы для девочек";0;0
3187;4636903;;;;4636831;"Сарафани для дівчаток";0;0
4327;4636911;;;;4636831;"Спідниці для дівчаток";0;0
1950;4636919;;;;4636839;"Майки для дівчаток";0;0
4052;4636927;;;;4636839;"Футболки для дівчаток";0;0
3812;4636935;;;;4636839;"Топы для девочек";0;0
4057;4636943;;;;4636839;"Футболки з довгими рукавами для дівчаток";0;0
537;4636951;;;;1285573;"Джинси, шорти, лосини для дівчаток";0;0
4238;4636959;;;;4636951;"Шорти для дівчаток";0;0
423;4636967;;;;4636951;"Бермуды для девочек";0;0
519;4636975;;;;4636951;"Бриджи для девочек";0;0
1447;4636983;;;;4636951;"Капри для девочек";0;0
1883;4636991;;;;4636951;"Леггинсы для девочек";0;0
533;4636999;;;;4636951;"Штани для дівчаток";0;0
389;4637007;;;;4636951;"Багги для девочек";0;0
1928;4637015;;;;4636951;"Лосини для дівчаток";0;0
3448;4637023;;;;1285573;"Комплекти і спортивні костюми для дівчаток";0;0
1741;4637031;;;;1285573;"Кофти та светри для дівчаток";0;0
3453;4637039;;;;4636951;"Спортивні штани для дівчаток";0;0
3457;4637047;;;;4637023;"Спортивні костюми для дівчаток";0;0
687;4637055;;;;4636839;"Водолазки для дівчаток";0;0
2997;4637063;;;;4637031;"Пуловеры для девочек";0;0
1455;4637071;;;;4637031;"Кардиганы для девочек";0;0
1738;4637079;;;;4637031;"Кофти для дівчаток";0;0
3214;4637087;;;;4637031;"Светри для дівчаток";0;0
941;4637095;;;;4637031;"Джемперы для девочек";0;0
3217;4637103;;;;4668703;"Світшоти для дівчаток";0;0
3793;4637111;;;;4668703;"Толстовки для дівчаток";0;0
4095;4637119;;;;4668703;"Худі для дівчаток";0;0
4222;4637127;;;;4631376;"Шлейфи для матриць";0;0
2692;4637135;;;;4631376;"Петлі для ноутбуків";0;0
1707;4637143;;;;4631376;"Корпуси для ноутбуків";0;0
1459;4637151;;;;4631376;"Карманы и переходники";0;0
1434;4637159;;;;4632897;Кальяни;0;0
1074;4637167;;;;4637615;"Жіночі джегінси";0;0
1049;4637175;;;;4637567;"Жіночі блузи";0;0
1068;4637183;;;;1162060;"Жіночі вишиванки";0;0
1132;4637191;;;;4637607;"Жіночі поло";0;0
1133;4637199;;;;4637575;"Женские полукомбинезоны";0;0
1081;4637215;;;;4637591;"Жіночі піджаки";0;0
1145;4637223;;;;4637599;"Жіночі сарафани";0;0
1168;4637231;;;;4637599;"Жіночі туніки";0;0
1186;4637239;;;;4637599;"Жіночі спідниці";0;0
1116;4637247;;;;4637607;"Жіночі майки";0;0
1166;4637255;;;;4637607;"Жіночі топи";0;0
1111;4637263;;;;4637607;"Жіночі лонгсліви";0;0
1183;4637271;;;;4637615;"Жіночі шорти";0;0
1062;4637287;;;;4637615;"Женские бриджи";0;0
1088;4637295;;;;4637615;"Женские капри";0;0
1109;4637303;;;;4637615;"Женские леггинсы";0;0
1112;4637311;;;;4637615;"Жіночі лосини";0;0
1156;4637319;;;;4637623;"Жіночі спортивні костюми";0;0
1129;4637327;;;;4637599;"Жіночі плаття";0;0
1071;4637335;;;;4637551;"Жіночі гольфи";0;0
1136;4637343;;;;4637631;"Жіночі пуловери";0;0
1075;4637351;;;;4637631;"Жіночі джемпери";0;0
1147;4637359;;;;4637631;"Жіночі світшоти";0;0
1164;4637367;;;;4637631;"Жіночі толстовки";0;0
1176;4637375;;;;4637631;"Жіночі худі";0;0
1146;4637383;;;;4637631;"Жіночі светри";0;0
1089;4637391;;;;4637631;"Жіночі кардигани";0;0
1128;4637399;;;;4637543;"Жіночі піжами";0;0
1123;4637407;;;;4637543;"Жіночі нічні сорочки";0;0
1175;4637415;;;;4637543;"Жіночі халати";0;0
1070;4637423;;;;4637551;"Жіночі гетри";0;0
1093;4637431;;;;4637551;"Жіночі колготки";0;0
1122;4637439;;;;4637551;"Жіночі шкарпетки";0;0
1149;4637447;;;;4637551;"Жіночі сліди";0;0
1180;4637455;;;;4637551;"Жіночі панчохи";0;0
1091;4637463;;;;4637543;"Жіночі кігурумі";0;0
1039;4637479;;;;4637543;"Женская домашняя одежда";0;0
2110;4637487;;;;4632768;Молоко;0;0
3380;4637495;;;;4632768;Вершки;0;0
2113;4637503;;;;4632768;"Молочные продукты";0;0
1495;4637511;;;;4632768;"Кисломолочні продукти";0;0
4792;4637519;;;;4632768;"Йогурти і сир";0;0
948;4637527;;;;4636951;"Джинси для дівчаток";0;0
1037;4637535;;;;1162060;"Жіночий верхній одяг";0;0
1040;4637543;;;;4674669;"Жіночий домашній одяг";0;0
1181;4637551;;;;4674669;"Жіночі панчішно-шкарпеткові вироби";0;0
1050;4637567;;;;1162060;"Жіночі блузи та сорочки";0;0
1099;4637575;;;;1162060;"Жіночі комбінезони та напівкомбінезони";0;0
1098;4637583;;;;4637575;"Жіночі комбінезони";0;0
1102;4637591;;;;1162060;"Жіночі костюми і жакети";0;0
1130;4637599;;;;1162060;"Жіночі плаття, сарафани та спідниці";0;0
1174;4637607;;;;1162060;"Жіночі футболки та майки";0;0
1078;4637615;;;;1162060;"Жіночі джинси, штани, шорти";0;0
1044;4637623;;;;1162060;"Жіночий спортивний одяг";0;0
1103;4637631;;;;1162060;"Жіночі худі, толстовки, кофти";0;0
1173;4637639;;;;4637607;"Жіночі футболки";0;0
1139;4637647;;;;4637567;"Жіночі сорочки";0;0
1067;4637655;;;;4637631;"Жіночі водолазки";0;0
1077;4637663;;;;4637615;"Жіночі джинси";0;0
1101;4637671;;;;4637591;"Жіночі костюми";0;0
2158;4637687;;;;1162070;"Чоловічий спортивний одяг";0;0
2233;4637695;;;;1162070;"Чоловічі сорочки, футболки та майки";0;0
2220;4637703;;;;4674669;"Чоловічі шкарпетки і гетри";0;0
2179;4637711;;;;4637703;"Чоловічі гетри";0;0
2219;4637727;;;;4637703;"Чоловічі шкарпетки";0;0
2243;4637735;;;;4637703;"Чоловічі сліди";0;0
2205;4637743;;;;1162070;"Чоловічі кофти, худі, толстовки";0;0
2203;4637751;;;;1162070;"Чоловічі костюми та піджаки";0;0
2154;4637759;;;;4674669;"Чоловічий нічний і домашній одяг";0;0
2260;4637767;;;;4637759;"Чоловічі халати";0;0
2225;4637775;;;;4637759;"Чоловічі піжами";0;0
2153;4637783;;;;2349087;"Підштаники чоловічі";0;0
3460;4637791;;;;4637023;"Спортивные кофты для девочек";0;0
2184;4637799;;;;4638039;"Чоловічі джинси";0;0
2176;4637807;;;;1162070;"Чоловічі вишиванки";0;0
2227;4637815;;;;4637695;"Чоловічі поло";0;0
2232;4637823;;;;4637695;"Чоловічі сорочки";0;0
2259;4637839;;;;4637695;"Чоловічі футболки";0;0
2214;4637847;;;;4637695;"Чоловічі майки";0;0
2211;4637855;;;;4637695;"Чоловічі лонгсліви";0;0
2249;4637863;;;;4637687;"Чоловічі спортивні штани";0;0
2247;4637871;;;;4637687;"Чоловічі спортивні костюми";0;0
2248;4637879;;;;4637687;"Чоловічі спортивні кофти";0;0
2230;4637887;;;;4637687;"Чоловічі рашгарди";0;0
2250;4637895;;;;4637687;"Чоловічі тайтси";0;0
2187;4637903;;;;4637751;"Мужские жакеты";0;0
2202;4637919;;;;4637751;"Чоловічі костюми";0;0
2224;4637943;;;;4637751;"Чоловічі піджаки";0;0
2188;4637951;;;;4637751;"Чоловічі жилети";0;0
2261;4637959;;;;4637743;"Чоловічі худі";0;0
2252;4637967;;;;4637743;"Чоловічі толстовки";0;0
2238;4637975;;;;4637743;"Чоловічі світшоти";0;0
2182;4637991;;;;4637743;"Чоловічі джемпери";0;0
2237;4637999;;;;4637743;"Чоловічі светри";0;0
2204;4638007;;;;4637743;"Чоловічі кофти";0;0
2192;4638015;;;;4637743;"Чоловічі кардигани";0;0
2228;4638023;;;;4637743;"Чоловічі пуловери";0;0
2175;4638031;;;;4637743;"Чоловічі водолазки";0;0
2185;4638039;;;;1162070;"Чоловічі джинси, штани";0;0
2171;4638047;;;;4638039;"Чоловічі штани";0;0
2200;4638071;;;;4638039;"Чоловічі комбінезони";0;0
2162;4638087;;;;4637751;"Мужские блейзеры";0;0
1157;4638119;;;;4637623;"Жіночі спортивні кофти";0;0
940;4638135;;;;4636951;"Джеггинсы для девочек";0;0
970;4638191;;;;4636583;"Дощовики для хлопчиків";0;0
2266;4638199;;;;1162070;"Чоловічі шорти";0;0
1064;4638207;;;;4637615;"Жіночі штани";0;0
1162;4638215;;;;4637623;"Жіночі спортивні штани";0;0
947;4638223;;;;4636583;"Джинсові куртки для хлопчиків";0;0
485;4638247;;;;4637031;"Болеро для девочек";0;0
2267;4638255;;;;1162070;"Мужские шорты и плавки";0;0
2191;4638263;;;;4638255;"Мужские капри";0;0
1620;4638271;;;;4636711;"Комплекти верхнього одягу для дівчаток";0;0
1051;4638279;;;;4675864;"Жіночі болеро";0;0
1210;4638287;;;;4626624;"Заварочные чайники и кофейники";0;0
1736;4638295;;;;4626624;Кавники;0;0
1160;4638303;;;;4637623;"Жіночі спортивні топи";0;0
3238;4638311;;;;2117537;"Насіння картоплі";0;0
723;4638319;;;;4648134;"Високооб'ємні панорами";0;0
3338;4638335;;;;230133;"Системи безпеки розумного будинку";0;0
3911;4638351;;;;230133;"Розумне освітлення";0;0
3934;4638359;;;;230133;"Керування електроприладами";0;0
4110;4638367;;;;230133;"Центральные пункты управления";0;0
3914;4638383;;;;4638335;"Розумні замки";0;0
3915;4638391;;;;4638335;"Умные камеры";0;0
3913;4638399;;;;4638335;"Умные датчики";0;0
3916;4638431;;;;4638351;"Умные лампы";0;0
3912;4638447;;;;4638359;"Розумні вимикачі";0;0
3918;4638455;;;;4638359;"Розумні розетки";0;0
3917;4638471;;;;4638359;"Розумні реле і димери";0;0
4109;4638479;;;;230133;"Центральні контролери";0;0
317;4638487;;;;4638367;"Аксессуары к центральным контроллерам";0;0
297;4638495;;;;230133;"Аксесуари для розумного будинку";0;0
1628;4638503;;;;230133;"Комплекти для розумного будинку";0;0
27;4638551;;;;4648572;Автобаферы;0;0
3162;4638559;;;;4639184;Саджанці;0;0
3164;4638567;;;;4638559;"Саджанці троянд";0;0
1372;4638575;;;;4627659;"Інгредієнти для випічки";0;0
3653;4638583;;;;4626923;"Тютюнові вироби";0;0
5386;4638591;;;;4638583;Сигарети;0;0
3324;4638599;;;;4638583;"Сигари і сигарили";0;0
3651;4638607;;;;4638583;Тютюн;0;0
284;4638615;;;;4638583;"Аксесуари для сигарет і самокруток";0;0
283;4638623;;;;4638583;"Аксесуари для сигар";0;0
3343;4638631;;;;4638583;"Системи нагрівання тютюну";0;0
3323;4638639;;;;4638599;Сигары;0;0
3322;4638647;;;;4638599;Сигариллы;0;0
3849;4638655;;;;4638607;"Трубочный табак";0;0
1433;4638663;;;;4638607;"Кальянный табак";0;0
3321;4638671;;;;4638607;"Сигаретный табак";0;0
2441;4638679;;;;4638607;"Нюхательный табак";0;0
547;4638703;;;;4638615;"Бумага для самокруток";0;0
3320;4638711;;;;4638615;"Сигаретные гильзы";0;0
3982;4638719;;;;4638615;"Фильтры для самокруток";0;0
2001;4638727;;;;4638615;"Машинки для сигарет";0;0
2279;4638735;;;;4638615;"Мундштуки для сигарет";0;0
1494;4638751;;;;4638615;"Кисеты для табака";0;0
2668;4638759;;;;4638615;Пепельницы;0;0
4100;4638767;;;;4638623;Хьюмидоры;0;0
3887;4638775;;;;4638623;"Увлажнители и гигрометры для хьюмидора";0;0
4063;4638783;;;;4638623;"Футляры для сигар";0;0
777;4638791;;;;4638623;"Гильотины для сигар";0;0
2428;4638799;;;;4638623;"Ножницы для сигар";0;0
2718;4638807;;;;4638623;"Пирсеры для сигар";0;0
1218;4638815;;;;4638623;"Зажигалки для сигар";0;0
3845;4638823;;;;4638583;"Трубки для паління";0;0
1631;4638839;;;;4638631;"Пристрої для нагрівання тютюну";0;0
3652;4638847;;;;4638631;"Стіки для систем нагрівання тютюну";0;0
493;4638855;;;;4638935;Бонсаї;0;0
3604;4638863;;;;4638935;Сукуленти;0;0
1427;4638871;;;;4638935;Кактуси;0;0
3163;4638879;;;;4638559;"Саджанці дерев";0;0
1905;4638887;;;;4638879;"Листяні дерева";0;0
2764;4638895;;;;4638879;"Плодові дерева";0;0
4137;4638919;;;;4638887;Черемуха;0;0
3167;4638927;;;;4638559;"Саджанці квітучих і листяних чагарників";0;0
1582;4638935;;;;4639184;"Кімнатні рослини";0;0
1233;4638943;;;;4654510;"Замки КПП";0;0
2791;4638962;;;;4631672;"Підвісні системи";0;0
2526;4638976;;;;4631672;"Опорні системи";0;0
2060;4638983;;;;4631672;"Механізми для столів";0;0
2426;4638991;;;;4631637;"Ніжки регульовані";0;0
1158;4638999;;;;4637623;"Жіночі спортивні легінси";0;0
1154;4639007;;;;4637623;"Женские спортивные капри";0;0
1159;4639023;;;;4637623;"Жіночі спортивні футболки і майки";0;0
1155;4639039;;;;4637623;"Жіночі спортивні комбінезони";0;0
370;4639054;;;;4639408;Ароматерапія;0;0
373;4639082;;;;4639408;"Ароматичні саше";0;0
454;4639096;;;;4639054;Пахощі;0;0
214;4639103;;;;4639054;"Аксесуари для ароматерапії і пахощів";0;0
94;4639120;;;;4632152;3D-малювання;0;0
2194;4639128;;;;4637759;"Чоловічі кігурумі";0;0
3747;4639136;;;;2460422;Тетради-словари;0;0
2125;4639168;;;;4632768;Морозиво;0;0
1015;4639176;;;;4627659;"Їжа швидкого приготування";0;0
3053;4639184;;;;2394297;"Рослини і догляд за ними";0;0
3226;4639192;;;;4639184;Насіння;0;0
3049;4639200;;;;4639184;Рассада;0;0
1161;4639208;;;;4637623;"Жіночі спортивні шорти";0;0
2915;4639224;;;;4675923;"Частотні перетворювачі";0;0
2914;4639232;;;;161187;Преобразователи;0;0
3818;4639240;;;;4675923;"Гальмівні резистори";0;0
3312;4639248;;;;4675923;"Мережеві інвертори";0;0
61;4639256;;;;4639232;"Автомобильные инверторы";0;0
60;4639256;;;;4654538;"Автомобільні інвертори";0;0
1356;4639272;;;;4660419;Ікони;0;0
1087;4639280;;;;4639296;"Жіночі ікони";0;0
2190;4639288;;;;4639296;"Чоловічі ікони";0;0
1364;4639296;;;;4639272;"Іменні ікони";0;0
2041;4639304;;;;4639272;"Мірні ікони";0;0
1361;4639312;;;;4639272;"Ікони Святої Трійці";0;0
3650;4639320;;;;4639272;"Сюжетні ікони";0;0
2904;4639328;;;;4639272;"Святкові ікони";0;0
1359;4639336;;;;4639272;"Ікони Ісуса Христа";0;0
1358;4639344;;;;4639272;"Ікони Божої Матері";0;0
621;4639352;;;;4639272;"Вінчальні ікони";0;0
1362;4639360;;;;4639272;"Ікони з соборами";0;0
1360;4639368;;;;4639272;"Ікони Святого сімейства";0;0
1357;4639376;;;;4639272;"Ікони ангелів та архангелів";0;0
59;4639384;;;;4639272;"Автомобильные иконы";0;0
58;4639384;;;;4639272;"Автомобільні ікони";0;0
374;4639408;;;;375695;"Аромати для дому";0;0
368;4639416;;;;4639408;Аромадифузори;0;0
3578;4639424;;;;4628418;"Будівельні матеріали";0;0
1493;4639432;;;;4674660;Цегла;0;0
429;4639440;;;;4639424;"Бетон та залізобетонні вироби";0;0
3645;4639448;;;;4639424;"Сипучі будівельні матеріали";0;0
2982;4639464;;;;4625614;Профнастил;0;0
2050;4639472;;;;4639424;Металопрокат;0;0
1208;4639480;;;;4639424;"Паркани та огорожі";0;0
3170;4639488;;;;4639424;"Сайдинг и фасадные панели";0;0
876;4639496;;;;4639424;"Дерево і пиломатеріали";0;0
2688;4639504;;;;4639448;Пісок;0;0
4260;4639512;;;;4639448;Щебінь;0;0
1485;4639520;;;;4639448;Керамзит;0;0
3623;4639528;;;;4639424;"Будівельні суміші";0;0
3843;4639536;;;;4639424;"Бруківка та тротуарна плитка";0;0
3844;4639544;;;;4639536;"Тротуарна плитка";0;0
810;4639560;;;;4639536;"Гранітна плитка";0;0
497;4639576;;;;4639536;"Бортовий (копінговий) камінь";0;0
4024;4639592;;;;375695;Фотоальбоми;0;0
2573;4639600;;;;4628418;"Інтер'єр та оздоблення";0;0
3423;4639608;;;;4639472;"Сортовий металопрокат";0;0
3847;4639616;;;;4639472;"Трубний металопрокат";0;0
1909;4639624;;;;4639472;"Листовий прокат";0;0
1478;4639632;;;;4639608;"Квадрат стальной";0;0
1789;4639640;;;;4639608;"Круг стальной";0;0
2863;4639648;;;;4639608;"Полоса стальная";0;0
4189;4639656;;;;4639608;"Шестигранник стальной";0;0
1475;4639664;;;;4639608;"Катанка стальная";0;0
363;4639672;;;;4639608;Арматура;0;0
5560;4639680;;;;4639616;"Труби профільні";0;0
3851;4639688;;;;4639616;"Труби водогазопровідні";0;0
3854;4639696;;;;4639616;"Труби електрозварні";0;0
3850;4639704;;;;4639616;"Труби безшовні";0;0
1907;4639712;;;;4639624;"Листова сталь";0;0
4965;4639720;;;;4639624;"Лист гарячекатаний";0;0
1913;4639728;;;;4639624;"Лист холоднокатаний";0;0
1910;4639736;;;;4639624;"Листи оцинковані";0;0
1911;4639744;;;;4639624;"Лист просічно-витяжний";0;0
1912;4639760;;;;4639624;"Лист рифлений";0;0
1906;4639768;;;;4639624;"Лист конструкційний";0;0
4184;4639776;;;;4639624;Швелер;0;0
849;4639784;;;;4639624;"Двотаврова балка";0;0
3891;4639792;;;;4639624;Куточок;0;0
2942;4639800;;;;4639624;Дріт;0;0
366;4639808;;;;4639672;"Арматура стальная";0;0
365;4639816;;;;4639672;"Арматура композитная";0;0
383;4639824;;;;4669225;Аерографи;0;0
4912;4639832;;;;4669225;"Фарби для аерографів";0;0
3833;4639840;;;;4669225;Трафарети;0;0
3057;4639848;;;;152460;"Расходные материалы для аэрографии";0;0
215;4639856;;;;4669225;"Аксесуари для аерографії";0;0
1264;4639864;;;;4669225;"Запчастини та комплектуючі для аерографів";0;0
684;4639872;;;;4625018;Вода;0;0
2359;4639880;;;;4625018;"Напої та лимонади";0;0
1480;4639888;;;;4625018;Квас;0;0
4089;4639896;;;;4625018;"Холодный чай";0;0
4088;4639904;;;;4625018;"Холодный кофе";0;0
3463;4639912;;;;4625018;"Спортивні напої";0;0
4313;4639920;;;;4625018;"Энергетические напитки";0;0
3412;4639928;;;;4633001;"Соки та нектари";0;0
2401;4639936;;;;4639928;Нектар;0;0
3411;4639944;;;;4639928;Сок;0;0
805;4639952;;;;4633001;"Гарячі напої";0;0
3415;4639960;;;;4639928;"Сокосодержащий напиток";0;0
3398;4639968;;;;4639928;Смузи;0;0
1634;4639976;;;;4639928;"Компот и морс";0;0
4040;4639984;;;;4639928;"Фруктовые концентраты";0;0
1426;4640008;;;;4639952;Какао;0;0
4105;4640016;;;;4627311;"Квіти з мила";0;0
3417;4640032;;;;4629914;"Автономні системи резервного живлення";0;0
367;4640040;;;;4639408;Аромадекор;0;0
3395;4640048;;;;4639528;"Кладочні та монтажні суміші";0;0
2355;4640056;;;;4639528;"Наливні підлоги";0;0
3394;4640064;;;;4659084;"Обмазувальна гідроізоляція";0;0
2742;4640072;;;;4639528;"Добавки до розчинів";0;0
2967;4640080;;;;4629382;"Противоморозные добавки";0;0
4106;4640088;;;;4639528;Цемент;0;0
776;4640096;;;;4659084;Гідрофобізатори;0;0
2542;4640104;;;;80263;"Органайзери для кабелю";0;0
5171;4640112;;;;4639440;"Плити перекриття";0;0
618;4640128;;;;4639440;"Вентиляційні блоки";0;0
1380;4640152;;;;4639440;"Інженерні мережі";0;0
1035;4640160;;;;4639440;"Железобетонные изделия для дорог и тротуаров";0;0
5365;4640184;;;;4639440;Палі;0;0
464;4640192;;;;4674660;"Блоки будівельні";0;0
428;4640208;;;;4639440;Бетон;0;0
3579;4640216;;;;4629382;"Строительные растворы";0;0
1799;4640256;;;;4640152;"Кришки і днища для майданчиків";0;0
494;4640304;;;;4640160;"Бордюрные камни";0;0
430;4640328;;;;4640192;"Бетонные блоки";0;0
746;4640352;;;;4640192;"Газосиликатные блоки";0;0
1368;4640376;;;;4635487;"Інвентар для пожежної безпеки";0;0
2839;4640384;;;;4635487;"Пожежні рукави і стволи";0;0
2968;4640392;;;;4635487;"Протипожежні двері, ворота, люки";0;0
265;4640400;;;;4635487;"Аксесуари для вогнегасників";0;0
2842;4640408;;;;4635487;"Пожежні шафи, стенди і ящики";0;0
2838;4640416;;;;4635487;"Пожежні колонки і гідранти";0;0
2837;4640424;;;;4635487;"Пожежні сповіщувачі і знаки безпеки";0;0
2490;4640432;;;;4635495;"Огнетушители углекислотные";0;0
2489;4640448;;;;4635495;"Огнетушители порошковые";0;0
2840;4640464;;;;4640384;"Пожежні стволи";0;0
3178;4640472;;;;4635495;"Самосрабатывающие огнетушители, модули пожаротушения";0;0
2843;4640480;;;;4640376;"Пожежний інвентар";0;0
1747;4640496;;;;4640376;"Кошма протипожежна (полотно ПП)";0;0
2841;4640504;;;;4640376;"Пожежні сокири";0;0
796;4640520;;;;4640376;"Головки пожежні з'єднувальні";0;0
1750;4640528;;;;4640376;"Крани (вентилі) для пожежного крана";0;0
4858;4640560;;;;4640400;"Комплектуючі для вогнегасників";0;0
2821;4640568;;;;4640400;"Підставки і кронштейни під вогнегасник";0;0
4211;4640576;;;;4640408;"Шафи пожежні";0;0
4263;4640584;;;;4640408;"Щити пожежні та стенди";0;0
4343;4640592;;;;4640408;"Ящики пожежні";0;0
2836;4640600;;;;4640416;"Пожежні гідранти";0;0
2825;4640608;;;;4640416;"Підставки під гідрант";0;0
1296;4640624;;;;4640424;"Знаки безпеки";0;0
1381;4640632;;;;3520929;Інкубатори;0;0
1;4640640;;;;4639496;"OSB і QSB";0;0
999;4640648;;;;4639496;"ДСП і ДВП";0;0
3964;4640656;;;;4639496;Фанера;0;0
531;4640664;;;;4639496;Брус;0;0
3081;4640672;;;;4639496;"Рейки монтажные";0;0
3577;4640680;;;;4639496;"Будівельні дошки";0;0
4304;4640696;;;;4639496;"Елементи сходів";0;0
4522;4640704;;;;4639424;"Зовнішня каналізація";0;0
1897;4640720;;;;4640704;"Зливова каналізація";0;0
2981;4640744;;;;4639600;"Профили и плинтусы";0;0
3363;4640752;;;;4627851;"Складське обладнання";0;0
2076;4640760;;;;4631949;"Мінеральна та базальтова вата";0;0
2666;4640768;;;;4631949;Пінопласт;0;0
1932;4640776;;;;4640720;"Лотки для зливової каналізації";0;0
1898;4640792;;;;4640720;"Зливові решітки";0;0
3823;4640800;;;;4640720;"Точковий водовідвід";0;0
1551;4640824;;;;4639480;"Ковпаки парканні";0;0
4515;4640840;;;;4639480;"Гвинтові палі";0;0
1207;4640848;;;;4639480;"Парканні секції";0;0
3315;4640856;;;;4639480;"Сітка Рабиця";0;0
3557;4640864;;;;4639480;"Стовпи парканні";0;0
1764;4640872;;;;4639480;"Кріплення та аксесуари";0;0
3316;4640880;;;;4639480;"Сітка зварна для паркану";0;0
855;4640896;;;;4643520;"Декоративна штукатурка";0;0
1403;4640904;;;;375695;"Інтер'єрні наклейки";0;0
2034;4640912;;;;4640904;"Крейдяні плівки";0;0
3834;4640920;;;;4640904;"Трафарети для стін";0;0
2353;4640928;;;;4640904;"Наклейки на стіну";0;0
5064;4640936;;;;4652828;Лиштви;0;0
2898;4640944;;;;4625698;"Стельові плінтуси (Багети)";0;0
2756;4640952;;;;4641064;Плінтуси;0;0
779;4640968;;;;4639600;"Гипсокартонные системы";0;0
778;4640976;;;;4674660;Гіпсокартон;0;0
1598;4640984;;;;4639600;"Комплектуючі для обробки";0;0
1770;4640992;;;;4640984;"Крепления для гипсокартона";0;0
2006;4641000;;;;4640984;Маяки;0;0
2980;4641008;;;;4640984;Профили;0;0
3890;4641016;;;;4640984;"Углы, рейки";0;0
3932;4641024;;;;4640984;"Уплотнительная лента";0;0
1782;4641032;;;;4640984;"Кронштейны для гипсокартона";0;0
1749;4641040;;;;4640984;Крабы;0;0
3365;4641048;;;;4640984;Скобы;0;0
3445;4641056;;;;4640984;Спицы;0;0
2365;4641064;;;;4639424;"Підлогове покриття";0;0
2625;4641072;;;;4641064;"Паркетна дошка";0;0
2626;4641088;;;;4641072;"Паркетная доска";0;0
3739;4641160;;;;4641072;"Террасная доска";0;0
5140;4641184;;;;4641064;"ПВХ покриття";0;0
2811;4641200;;;;4630262;"Передплата Premium";0;0
2641;4641208;;;;80100;"Пасивні акустичні системи";0;0
3706;4641224;;;;80121;"Теплові вітрини";0;0
2814;4641232;;;;4628425;Підставки;0;0
3521;4641248;;;;4628502;Сушуари;0;0
5698;4641296;;;;4628425;"Холодильники для косметики";0;0
3863;4641304;;;;4628425;"Тумби для салонів краси";0;0
4857;4641312;;;;4628425;"Комплектуючі для обладнання";0;0
4085;4641320;;;;4670601;"Холодильні столи";0;0
5735;4641328;;;;4670601;"Шафи шокового заморожування";0;0
2511;4641336;;;;4629305;"Одноразова продукція";0;0
77;4641384;;;;4642696;"Автомобильные свечи";0;0
963;4641392;;;;4641336;"Для СПА и косметологии";0;0
2516;4641416;;;;4641336;"Одноразові простирадла";0;0
2513;4641440;;;;4641336;"Одноразові шкарпетки";0;0
1994;4641504;;;;4628474;"Матеріали для депіляції";0;0
961;4641512;;;;4641336;"Для маникюра и педикюра";0;0
5060;4641560;;;;2048602;"Накладні нігті";0;0
2386;4641568;;;;2460402;"Настільні візитівки та картотеки";0;0
2844;4641576;;;;3933312;"Поїльники та непроливайки";0;0
231;4641592;;;;3933312;"Аксесуари для дитячого посуду";0;0
1026;4641600;;;;4641592;"Йоржики і щітки";0;0
3848;4641608;;;;4641592;"Трубочки для пляшечок і поїльників";0;0
1796;4641616;;;;4641592;"Кришечки для дитячих пляшечок";0;0
3533;4641624;;;;4625734;"Стенди для школи";0;0
3535;4641640;;;;4641624;"Стенды для школы";0;0
3516;4641688;;;;161187;"Верстатне обладнання";0;0
3515;4641696;;;;4641688;Верстати;0;0
3082;4641704;;;;4641696;"Рейсмусові верстати";0;0
1543;4641712;;;;4633065;"Колеса для візків";0;0
1665;4641720;;;;4640752;Контейнери;0;0
4339;4641728;;;;4641720;Ящики;0;0
1797;4641736;;;;4641720;"Кришки для контейнерів";0;0
2739;4641744;;;;4641720;"Пластикові контейнери";0;0
2800;4641752;;;;4640752;Піддони;0;0
3361;4641768;;;;4640752;"Складські стелажі";0;0
2869;4641784;;;;4641768;"Металеві стелажі для складу";0;0
3860;4641816;;;;2460422;"Тубуси для паперу";0;0
2282;4641824;;;;4647854;"Сміттєві контейнери";0;0
2350;4641832;;;;4660517;"Накладне волосся";0;0
4122;4641840;;;;4641696;"Циркулярні верстати";0;0
1918;4641848;;;;4641696;"Лобзикові верстати";0;0
3584;4641856;;;;4641696;Стружковідсоси;0;0
4042;4641864;;;;4641696;"Фуговальні верстати";0;0
2093;4641872;;;;4641696;"Комбіновані верстати";0;0
4017;4641880;;;;4641696;"Форматно-розкроювальні верстати";0;0
1781;4641896;;;;4641696;"Крайкооблицювальні верстати";0;0
2061;4641904;;;;4641696;"Механизмы подачи заготовок";0;0
3200;4641920;;;;4641696;"Свердлильні верстати";0;0
3791;4641928;;;;4641696;"Токарні верстати";0;0
4032;4641936;;;;4641696;"Фрезерні верстати";0;0
4227;4641944;;;;4641696;"Шліфувальні верстати";0;0
3392;4641952;;;;4641688;"Сменные пилы";0;0
1889;4641984;;;;4641688;"Стрічкові пилки";0;0
771;4642008;;;;4641696;Трубогини;0;0
3145;4642024;;;;4641696;"Важільні ножиці";0;0
2917;4642032;;;;4641696;Преси;0;0
578;4642040;;;;4641696;"Вальцьові верстати";0;0
2122;4642056;;;;4641696;"Монтажні пили";0;0
3757;4642064;;;;3423154;Лещата;0;0
623;4642080;;;;2394287;"Мотузкові вироби";0;0
4232;4642088;;;;4642080;Шнури;0;0
4798;4642096;;;;4642080;Канати;0;0
4241;4642104;;;;4642080;Шпагати;0;0
4605;4642112;;;;4642080;"Вантажні стропи";0;0
2406;4642120;;;;4649022;Нитки;0;0
4959;4642128;;;;4642080;Стрічки;0;0
622;4642136;;;;4642080;Мотузки;0;0
2620;4642144;;;;4641832;Перуки;0;0
4194;4642152;;;;4641832;Шиньйони;0;0
696;4642176;;;;4641832;"Волосся на шпильках";0;0
1442;4642192;;;;4641832;Канекалони;0;0
3597;4642208;;;;4624997;"Сублімовані продукти";0;0
718;4642224;;;;4642208;"Вторые блюда";0;0
3378;4642232;;;;4642208;"Сладкие блюда";0;0
2357;4642240;;;;4642208;Напитки;0;0
4593;4642248;;;;4624997;"Готові страви";0;0
5357;4642320;;;;4642248;Салати;0;0
1266;4642392;;;;4625256;"Станції шерингу";0;0
3054;4642528;;;;4638935;"Рослини хижаки";0;0
4627;4642536;;;;4642248;Десерти;0;0
856;4642576;;;;4638935;"Декоративно-листяні кімнатні рослини";0;0
857;4642584;;;;4638935;"Декоративно-квітучі кімнатні рослини";0;0
5128;4642608;;;;4638935;Пальми;0;0
2558;4642616;;;;4638935;Орхідеї;0;0
1581;4642624;;;;4638935;"Кімнатні плодові рослини";0;0
1585;4642632;;;;4638935;"Комнатные цитрусовые растения";0;0
2768;4642640;;;;4636815;"Пляжные туники для девочек";0;0
474;4642648;;;;4636839;"Боді для дівчаток";0;0
3211;4642656;;;;4642696;"Свічки запалювання";0;0
3212;4642664;;;;4642696;"Свічки розжарення";0;0
848;4642672;;;;4630454;"Запчастини для двигуна";0;0
4294;4642680;;;;4630454;"Электрооборудование автомобилей";0;0
1220;4642696;;;;4630454;"Система запалювання";0;0
1806;4642704;;;;4630454;"Кузов автомобіля";0;0
2368;4642712;;;;4642704;"Зовнішні елементи кузова";0;0
2786;4642720;;;;4630454;"Підвіска і кермове";0;0
1255;4642728;;;;4630454;"Запчастини та деталі для ТО";0;0
3083;4642736;;;;4625256;"Рекламне обладнання";0;0
1933;4642944;;;;4642736;"Лототрони (Барабани)";0;0
1763;4642952;;;;4642736;"Кріплення й аксесуари для рекламних конструкцій";0;0
5534;4642960;;;;4642736;"Торгові намети, тенти і комплектуючі";0;0
17;4642968;;;;4625256;"POS матеріали";0;0
14;4642976;;;;4642968;"POS-матеріали для прикасової зони";0;0
15;4642984;;;;4642968;"POS-матеріали для торгового залу";0;0
18;4642992;;;;4642968;"POS-матеріали, що використовуються у HoReCa";0;0
10;4643000;;;;4642968;"POS-матеріали у місці викладення";0;0
4350;4643008;;;;4642968;"POS-матеріали для зовнішнього застосування";0;0
5012;4643016;;;;4642976;"Монетниці (касові тарілки)";0;0
2924;4643032;;;;4642976;"Прикасові дисплеї";0;0
4812;4643040;;;;4642976;"Касові роздільники";0;0
3084;4643048;;;;4642984;"Рекламні та виставкові стенди";0;0
1397;4643064;;;;80253;"Інтерактивне обладнання";0;0
2732;4643096;;;;4642984;"Плакатні профілі та рамки";0;0
1682;4643104;;;;4642984;Кошики;0;0
542;4643112;;;;4642984;Буклетниці;0;0
2733;4643136;;;;4643096;"Плакатні рамки";0;0
982;4643144;;;;4643096;"Доповнення до плакатних рамок";0;0
1686;4643160;;;;4643104;"Кошики для покупок";0;0
3553;4643176;;;;4642984;"Підставки для вітрини";0;0
2673;4643192;;;;4642984;"Перекидні системи";0;0
818;4643200;;;;4642984;"Грифельні дошки";0;0
2380;4643208;;;;4643112;"Настінні буклетниці (Пластикові кишені настінні)";0;0
2384;4643224;;;;4643112;"Настільні буклетниці (Підставки під буклети)";0;0
2738;4643232;;;;4643112;"Пластикові кишені (Інформаційні кишені)";0;0
2704;4643240;;;;4629382;"Пигменты для бетона";0;0
3819;4643248;;;;4633017;Торти;0;0
3622;4643256;;;;4632768;"Сухі закваски";0;0
2039;4643264;;;;4642992;Меню-холдери;0;0
3554;4643272;;;;4642992;"Стійки для меню";0;0
886;4643288;;;;4643000;"Тримачі цінників (Цінникотримачі)";0;0
4107;4643296;;;;4643000;Цінники;0;0
5370;4643408;;;;4643008;"Світлові короби";0;0
2295;4643416;;;;4624997;"М'ясні продукти";0;0
737;4643424;;;;4643416;"М'ясні делікатеси";0;0
698;4643488;;;;4639480;Ворота;0;0
3929;4643496;;;;4649076;"Пакувальний папір";0;0
955;4643512;;;;4641952;"Дисковые пилы";0;0
1870;4643520;;;;4639600;"Лакофарбові матеріали";0;0
385;4643528;;;;4643520;"Аэрозольная краска";0;0
4438;4643544;;;;4643520;"Аерозольні лаки";0;0
2703;4643552;;;;4643520;Пігменти;0;0
792;4643560;;;;4643552;"Глиттеры (декоративные блестки)";0;0
1945;4643568;;;;4643552;Люминофоры;0;0
4004;4643576;;;;4643552;"Флуоресцентные пигменты";0;0
2678;4643584;;;;4643552;"Перламутровые пигменты";0;0
2705;4643592;;;;4643552;"Пигменты Хамелеоны";0;0
1509;4643600;;;;4639600;"Клей строительный";0;0
4316;4643608;;;;4629382;"Епоксидна смола";0;0
24;4643616;;;;273290;Автоаксесуари;0;0
732;4643632;;;;1723657;Вишивка;0;0
752;4643640;;;;4643488;"Гаражні ворота";0;0
2958;4643648;;;;4643488;"Промислові ворота";0;0
4841;4643656;;;;4643488;"Ковані ворота";0;0
2471;4643664;;;;4627851;"Обладнання для тату і перманентного макіяжу";0;0
2472;4643672;;;;4643664;"Обладнання для тату-салонів";0;0
5501;4643680;;;;4643672;Тату-набори;0;0
4914;4643688;;;;4643672;"Фарби та розріджувачі для татуювань";0;0
2004;4643696;;;;4643672;"Машинки і запчастини для татуювань";0;0
3063;4643712;;;;4643672;"Витратні матеріали для тату";0;0
4396;4643720;;;;4643672;"Аксесуари для тату";0;0
2462;4643728;;;;4643664;"Обладнання для перманентного макіяжу та татуажу";0;0
1753;4643736;;;;4643728;"Фарби та пігменти для татуажу";0;0
2000;4643744;;;;4643728;"Машинки для перманентного макіяжу";0;0
4913;4643776;;;;4643688;"Фарби для тату";0;0
5290;4643784;;;;4643688;"Розріджувачі фарби";0;0
3673;4643792;;;;4643696;Тату-машинки;0;0
1252;4643800;;;;4643696;"Запчастини для тату-машинок";0;0
4795;4643832;;;;4639480;Хвіртки;0;0
4218;4643840;;;;4647950;Шлагбауми;0;0
5500;4643856;;;;4643712;Тату-голки;0;0
4807;4643864;;;;4643712;"Картриджі для тату-машинок";0;0
5502;4643872;;;;4643712;Тату-наконечники;0;0
4454;4643888;;;;4643712;"Бар'єрний захист для тату-обладнання";0;0
5550;4643896;;;;4643720;"Трансфер для тату";0;0
4788;4643904;;;;4643720;"Штучна шкіра для тату";0;0
5552;4643912;;;;4643720;"Трафарети для тату";0;0
5309;4643920;;;;4643720;Гумки;0;0
4849;4643936;;;;4643720;"Ковпачки та підставки для тату-фарби";0;0
2469;4643944;;;;273290;"Обладнання для СТО";0;0
397;4643952;;;;4654216;"Балансувальні стенди";0;0
4192;4643960;;;;4654216;"Шиномонтажні стенди";0;0
719;4643968;;;;4654216;Вулканізатори;0;0
174;4643976;;;;4630542;Автосканери;0;0
2792;4643984;;;;4654209;"Рухомі платформи";0;0
2831;4643992;;;;4654202;Підіймачі;0;0
3536;4644000;;;;4654209;"Стенди розвал-сходження";0;0
3741;4644008;;;;4630542;"Тестери і вимірники автомобільні";0;0
3827;4644016;;;;4654202;Траверси;0;0
3534;4644024;;;;4643944;"Стенди для чищення форсунок";0;0
3941;4644032;;;;4643944;"Установки для АКПП";0;0
1607;4644040;;;;4654202;"Комплектуючі для підіймачів";0;0
775;4644048;;;;4644040;"Гідростанції для підіймачів";0;0
1877;4644056;;;;4644040;"Лапи для підіймачів";0;0
2346;4644064;;;;4644040;"Накладки на лапи підіймачів";0;0
2963;4644072;;;;4644040;"Проставки для лап підіймачів";0;0
3089;4644080;;;;4644040;"Ремкомплекти циліндра підіймачів";0;0
3910;4644088;;;;4643944;"Ультразвукові ванни";0;0
567;4644096;;;;4654216;"Швидкознімні гайки";0;0
3600;4644104;;;;4627311;"Магніти на холодильник";0;0
2574;4644120;;;;80260;Листівки;0;0
4267;4644128;;;;4630454;Електрика;0;0
50;4644136;;;;4644128;"Автомобильные аккумуляторы";0;0
49;4644136;;;;4644128;"Автомобільні акумулятори";0;0
3785;4644144;;;;1723657;"Товары для флористики";0;0
1704;4644152;;;;4649076;"Коробки для квітів";0;0
2781;4644232;;;;4649076;"Подарункові стрічки";0;0
4009;4644248;;;;1723657;Фоаміран;0;0
5010;4644256;;;;1723657;Молди;0;0
5163;4644264;;;;4633017;Тістечка;0;0
2348;4644272;;;;4656404;"Накладки на пороги";0;0
2345;4644280;;;;4656404;"Накладки на бампер";0;0
443;4644288;;;;4650417;"Біометричні системи";0;0
4075;4644304;;;;4624997;"Хлібобулочні вироби";0;0
3493;4644312;;;;4625077;"Засоби для догляду за меблями";0;0
3497;4644320;;;;4625077;"Средства для чистки стен";0;0
1853;4644328;;;;163968;Кешбокси;0;0
2044;4644336;;;;163968;"Металеві ключниці";0;0
2515;4644352;;;;4628905;"Одноразовые перчатки";0;0
2517;4644360;;;;4628905;"Одноразові шапочки";0;0
2512;4644368;;;;4628905;"Захисні маски для обличчя";0;0
414;4644376;;;;4628905;Бахіли;0;0
3567;4644384;;;;4628905;Стоматологія;0;0
3386;4644392;;;;4644384;Слюноотсосы;0;0
577;4644400;;;;4644384;"Валики стоматологічні";0;0
375;4644408;;;;4644384;"Артикуляционная бумага";0;0
2744;4644416;;;;4644384;"Платки для коффердама";0;0
1887;4644424;;;;4644384;"Лента для стерилизации";0;0
3543;4644432;;;;4644384;"Стерильні серветки";0;0
2452;4644440;;;;273290;"Обладнання для АЗС";0;0
29;4644448;;;;4644440;"Автозаправні станції";0;0
1594;4644456;;;;4644440;"Комплектуючі для АЗС";0;0
3810;4644464;;;;4644456;"Паливозаправні пістолети";0;0
1239;4644472;;;;4644456;"Заправні блоки";0;0
3992;4644480;;;;4644456;"Фільтри очищення палива";0;0
189;4644488;;;;4644456;"Адаптери фільтрів очищення палива";0;0
3124;4644496;;;;4644456;"Рукави для заправних колонок";0;0
3077;4644504;;;;4644456;"Резервуари для зберігання ПММ";0;0
3636;4644512;;;;4644456;"Лічильники палива";0;0
2377;4644520;;;;4644456;"Насоси для перекачування палива";0;0
699;4644528;;;;4628474;"Віск для депіляції";0;0
3190;4644536;;;;4628474;"Паста для шугаринга";0;0
4247;4644552;;;;4633065;Штабелери;0;0
3114;4644560;;;;4633065;Рокли;0;0
2834;4644568;;;;4633065;"Підіймальні столи";0;0
2830;4644592;;;;3510436;Підшипники;0;0
4172;4644600;;;;4644592;"Шариковые подшипники";0;0
4859;4644624;;;;2577232;"Комплектуючі для підшипників";0;0
5407;4644648;;;;4644624;"Мастила для підшипників";0;0
5727;4644656;;;;4644624;"Шарнірні головки";0;0
5205;4644664;;;;4644624;"Підшипникові вузли";0;0
3705;4644672;;;;4644752;"Теплове обладнання для кухні";0;0
4135;4644680;;;;4644672;Чебуречницы;0;0
358;4644704;;;;4644672;"Аппараты для шаурмы";0;0
2699;4644712;;;;4644672;"Печі для піци";0;0
1957;4644720;;;;4644672;Макароноварки;0;0
4284;4644728;;;;4644752;"Електромеханічне обладнання для кухні";0;0
3967;4644736;;;;4644728;Фаршоміси;0;0
3743;4644744;;;;4644728;Тісторозкачки;0;0
2974;4644752;;;;80121;"Професійна техніка для кухні";0;0
3742;4644760;;;;4644728;Тістоміси;0;0
1839;4644768;;;;4644728;Кутери;0;0
956;4644776;;;;4644728;Диспенсери;0;0
1944;4644784;;;;4644728;Льодокришителі;0;0
1857;4644808;;;;4627851;"Лабораторне оснащення";0;0
1854;4644816;;;;4644808;"Лабораторний посуд";0;0
1856;4644824;;;;4644808;"Лабораторное оборудование и принадлежности";0;0
2055;4644856;;;;4644808;"Метеорологические приборы";0;0
2736;4644864;;;;4644816;"Пластиковая лабораторная посуда";0;0
3526;4644872;;;;4644816;"Стеклянная лабораторная посуда";0;0
1855;4644896;;;;4644808;"Лабораторне обладнання";0;0
5691;4644928;;;;4644808;"Хімічні реактиви";0;0
2920;4644984;;;;4644856;"Приборы для химических лабораторий";0;0
1860;4645032;;;;4644864;"Лабораторные контейнеры и емкости";0;0
563;4645096;;;;4644872;"Бутылки для реактивов";0;0
3528;4645144;;;;4644872;"Стеклянные мерные колбы";0;0
2038;4645168;;;;4644872;Мензурки;0;0
2716;4645184;;;;4644872;Пипетки;0;0
3527;4645216;;;;4644872;"Стеклянные лабораторные стаканы";0;0
1862;4645232;;;;4644872;"Лабораторные флаконы";0;0
2042;4645240;;;;4644872;"Мерные стеклянные цилиндры";0;0
1864;4645248;;;;4644872;"Лабораторные чашки";0;0
4265;4645256;;;;4644872;Эксикаторы;0;0
4083;4645280;;;;4644872;"Холодильники стеклянные";0;0
3648;4645472;;;;4632768;Сири;0;0
3050;4645480;;;;4645472;"Рассольные сыры";0;0
3679;4645488;;;;4645472;"Твердые сыры";0;0
2293;4645496;;;;4645472;"Мягкие сыры";0;0
2731;4645504;;;;4645472;"Плавленые сыры";0;0
2407;4645520;;;;4652667;"Нитки для в'язання";0;0
2115;4645560;;;;102573;"Мольберти дитячі";0;0
989;4645568;;;;102573;"Дошки для малювання";0;0
3562;4645576;;;;102573;"Столи для творчості";0;0
2509;4645584;;;;4628905;"Одноразовий одяг";0;0
4614;4645592;;;;4638335;"Дверні дзвінки";0;0
2020;4645608;;;;4633041;Мед;0;0
3130;4645616;;;;4641064;"Рулонные напольные покрытия";0;0
2100;4645624;;;;4641064;"Модульные напольные покрытия";0;0
1408;4645632;;;;4645616;"Искусственная трава";0;0
764;4645640;;;;235355;"Генератори охоронного туману";0;0
3438;4645648;;;;4627764;"Спеції та приправи";0;0
3620;4645688;;;;4627680;Сухарики;0;0
2874;4645696;;;;4627680;Попкорн;0;0
4158;4645704;;;;4627680;Чипси;0;0
3144;4645712;;;;4627680;"Рибні снеки";0;0
2296;4645720;;;;4627680;"М'ясні снеки";0;0
1809;4645728;;;;4627680;"Кукурудзяні палички";0;0
3264;4645736;;;;4627680;Насіння;0;0
2550;4645744;;;;4627680;Горіхи;0;0
1245;4645752;;;;80252;"Запчастини для конвектора";0;0
532;4645768;;;;4674190;Бризковики;0;0
727;4645776;;;;4630454;"Вихлопні системи";0;0
2373;4645784;;;;4656398;"Насадки на глушники";0;0
4820;4645792;;;;4637511;Кефір;0;0
5347;4645824;;;;4637511;Ряжанка;0;0
5428;4645848;;;;4656398;Спойлери;0;0
4845;4645856;;;;4656398;"Козирки на лобове скло";0;0
2347;4645864;;;;4656404;"Накладки на педалі";0;0
4140;4645872;;;;4643616;"Чохли для автомобіля";0;0
2805;4645880;;;;4656416;Підлокітники;0;0
5589;4645888;;;;4643616;"Послуги зі встановлення";0;0
4446;4645896;;;;4642712;Бампери;0;0
4791;4645904;;;;4637519;Йогурти;0;0
5418;4645936;;;;4632768;Сметана;0;0
4983;4645952;;;;4632768;"Масло і маргарин";0;0
5405;4645960;;;;4645952;Масло;0;0
4980;4645968;;;;4645952;Маргарин;0;0
3220;4645984;;;;4632768;"Згущене молоко";0;0
5787;4645992;;;;4632768;Яйця;0;0
3494;4646000;;;;4625077;"Засоби для чищення ванн";0;0
3495;4646008;;;;4625077;"Засоби для чищення камінів";0;0
2080;4646016;;;;80026;Міні-комп'ютери;0;0
3646;4646024;;;;4627680;"Сирні закуски";0;0
4856;4646032;;;;80253;"Комплектуючі для міні-комп'ютерів";0;0
5001;4646056;;;;4646032;Мікроконтролери;0;0
3047;4646064;;;;1230990;"Распашонки и ползунки для малышей";0;0
4136;4646072;;;;1230990;Чоловічки;0;0
1004;4646080;;;;4636111;"Дутые жилетки для малышей";0;0
3717;4646088;;;;1230990;"Теплі комбінезони для малюків";0;0
3720;4646096;;;;4636111;"Теплые полукомбинезоны для малышей";0;0
946;4646104;;;;4636111;"Джинсовые куртки для малышей";0;0
3796;4646112;;;;1230990;"Толстовки и свитшоты для малышей";0;0
2865;4646120;;;;4636199;Полотенца-пончо;0;0
3433;4646200;;;;89817;"Рятувальне обладнання";0;0
5425;4646208;;;;4646200;"Рятувальні жилети";0;0
4413;4646216;;;;4646200;"Аксесуари рятувального обладнання";0;0
2602;4646224;;;;89817;"Палубне обладнання";0;0
2952;4646232;;;;89817;"Прожектори та освітлення для човнів";0;0
2845;4646240;;;;4646232;"Пошукові прожектори";0;0
4332;4646264;;;;89817;"Якірне обладнання";0;0
4334;4646272;;;;4646264;Якорі;0;0
4333;4646296;;;;4646264;"Якірні лебідки";0;0
3351;4646304;;;;89817;"Системи керування судном";0;0
3603;4646312;;;;4646304;"Cуднові редуктори";0;0
1248;4646344;;;;89817;"Запчастини для човнів";0;0
673;4646352;;;;4646344;"Гвинти гребні";0;0
3933;4646368;;;;4646344;"Керування двигуном";0;0
1923;4646376;;;;4646344;"Човнові акумулятори";0;0
4046;4646384;;;;4646344;"Фурнітура для човнів";0;0
753;4646400;;;;4671666;"Гардеробні системи";0;0
2670;4646408;;;;89817;"Перевезення човнів";0;0
3831;4646416;;;;4646408;"Транцеві колеса";0;0
2460;4646440;;;;89817;"Обладнання для човнів";0;0
632;4646448;;;;4646440;Весла;0;0
1769;4646456;;;;4646440;"Кріплення для весел";0;0
2921;4646472;;;;4646440;"Прилади на човен";0;0
1775;4646488;;;;4646440;"Кріплення для вудок на човен";0;0
2376;4646496;;;;4646440;"Насоси для човнів";0;0
1541;4646512;;;;4643416;"Колбасные изделия";0;0
249;4646520;;;;4646440;"Аксесуари для човнів ПВХ";0;0
4180;4646528;;;;4646440;"Швартові пристрої";0;0
767;4646544;;;;4646440;Гермомешки;0;0
4153;4646552;;;;4646440;"Чохли до човнових моторів";0;0
3701;4646568;;;;4646440;"Тенти на човни";0;0
3498;4646576;;;;4639184;"Засоби захисту від гризунів";0;0
1919;4646584;;;;4646576;"Пастки для гризунів та птахів";0;0
2576;4646624;;;;4646576;"Отрута для гризунів";0;0
3722;4646632;;;;4636151;"Теплые человечки";0;0
3429;4646640;;;;1230990;"Спальники для малюків";0;0
1537;4646648;;;;4645616;"Ковровая плитка";0;0
5311;4646656;;;;4641064;"Гумові покриття";0;0
4572;4646664;;;;435974;"Генератори водневої води";0;0
1212;4646672;;;;2769487;"Заглушки ремней безопасности";0;0
3571;4646678;;;;4646200;"Страхувальні жилети";0;0
2599;4646686;;;;4641512;"Пакеты для стерилизации";0;0
1949;4646694;;;;4638927;Магнолии;0;0
735;4646702;;;;4638887;Вяз;0;0
807;4646710;;;;4638887;Граб;0;0
1510;4646718;;;;4638887;Клен;0;0
1903;4646726;;;;4638887;Липа;0;0
4336;4646734;;;;4638887;Ясень;0;0
1474;4646742;;;;4638887;Катальпа;0;0
3149;4646750;;;;4638887;Рябина;0;0
2075;4646758;;;;4638887;Миндаль;0;0
1023;4646766;;;;4633713;Ель;0;0
4139;4646774;;;;4638895;Черешня;0;0
4330;4646782;;;;4638895;Яблоня;0;0
824;4646790;;;;4638895;Груша;0;0
406;4646798;;;;4638927;Барбарис;0;0
421;4646806;;;;4638887;Береза;0;0
1000;4646814;;;;4638887;Дуб;0;0
1320;4646822;;;;4638887;Ива;0;0
1896;4646838;;;;4638887;Лещина;0;0
508;4646846;;;;4638887;Боярышник;0;0
677;4646910;;;;4638895;Вишня;0;0
2680;4646918;;;;4638895;Персик;0;0
4188;4646926;;;;4638895;Шелковица;0;0
3379;4646934;;;;4638895;Слива;0;0
815;4646942;;;;4638895;"Грецкий орех";0;0
3855;4646950;;;;4633713;Тсуга;0;0
877;4646958;;;;4638895;"Дерево Сад";0;0
390;4646966;;;;4638887;Багрянник;0;0
540;4646974;;;;4638887;Бук;0;0
1450;4646982;;;;4638927;Карагана;0;0
2487;4646990;;;;4638927;Овсянница;0;0
1865;4647006;;;;4638927;Лаванда;0;0
4163;4647038;;;;4638927;Чубушник;0;0
4014;4647046;;;;4638927;Форзиция;0;0
3443;4647054;;;;4638927;Спирея;0;0
5420;4647062;;;;4638559;Сніжноягідник;0;0
3376;4647070;;;;4638927;Скумпия;0;0
3333;4647078;;;;4638927;Сирень;0;0
2994;4647086;;;;4638927;Пузыреплодники;0;0
3110;4647102;;;;4638927;Рододендрон;0;0
1489;4647110;;;;4638927;Кизильник;0;0
1430;4647118;;;;4638927;Калина;0;0
881;4647142;;;;4638927;Дерен;0;0
852;4647150;;;;4638927;Дейция;0;0
803;4647158;;;;4638927;Гортензия;0;0
768;4647166;;;;4638927;Гибискус;0;0
599;4647174;;;;4638927;Вейгела;0;0
538;4647182;;;;4638927;"Буддлея Давида";0;0
447;4647190;;;;4638927;Бирючина;0;0
422;4647198;;;;4638927;Бересклет;0;0
3425;4647214;;;;4633713;Сосны;0;0
3880;4647222;;;;4633713;Туя;0;0
2101;4647230;;;;4633713;Можжевельник;0;0
2724;4647238;;;;4633713;Пихта;0;0
1904;4647246;;;;4633713;Лиственница;0;0
3756;4647254;;;;4633713;Тис;0;0
1492;4647262;;;;4633713;Кипарисовик;0;0
3168;4647270;;;;4638559;"Саджанці ягідних культур";0;0
1959;4647278;;;;4647270;Малина;0;0
3397;4647286;;;;4647270;Смородина;0;0
1795;4647294;;;;4647270;Крыжовник;0;0
1520;4647302;;;;4647270;Клубника;0;0
800;4647310;;;;4647270;Голубика;0;0
325;4647318;;;;4647270;"Актинидия (Киви)";0;0
1200;4647326;;;;4647270;Жимолость;0;0
1017;4647342;;;;4647270;Ежевика;0;0
672;4647350;;;;4647270;Виноград;0;0
3218;4647358;;;;4646112;"Свитшоты для малышей";0;0
3892;4647366;;;;4648656;"Вугілля для кальянів";0;0
5469;4647374;;;;4635983;"Сумки для кальянів";0;0
2763;4647382;;;;4635983;"Плити для розпалювання вугілля";0;0
4711;4647390;;;;4635983;"Запальнички для кальяну";0;0
1025;4647398;;;;4648656;"Йоржі для чищення кальянів";0;0
4262;4647406;;;;4635983;"Щипці для кальяну";0;0
2585;4647414;;;;4635983;"Охолоджувач для кальяну";0;0
3669;4647430;;;;4635983;"Тарілки для кальяну";0;0
5572;4647438;;;;4635983;"Вловлювачі рідини";0;0
3930;4647446;;;;4635983;"Ущільнювачі для кальяну";0;0
4010;4647454;;;;4648656;"Фольга для кальяну";0;0
1550;4647462;;;;4635983;"Ковпаки для кальяну";0;0
4671;4647470;;;;4648656;"Дифузори для кальяну";0;0
188;4647478;;;;4635983;"Адаптери для кальяну";0;0
302;4647486;;;;4643616;"Аксесуари для електромобілів";0;0
580;4647494;;;;4641512;"Ванночки для маникюра";0;0
1267;4647502;;;;4625901;"Зарядные станции для электромобилей";0;0
236;4647510;;;;4647486;"Аксесуари для заряджання електромобіля";0;0
1771;4647518;;;;4647486;"Кріплення для зарядних станцій";0;0
4318;4647534;;;;2336782;"Еротична білизна для жінок";0;0
3647;4647550;;;;4643416;"Ковбасні вироби";0;0
1013;4647566;;;;152463;Димарі;0;0
1617;4647574;;;;80026;"Комплектуючі та обладнання для майнінгу";0;0
1745;4647582;;;;4647574;"Гаманці для криптовалют";0;0
1601;4647590;;;;4647574;"Комплектующие для майнинга";0;0
670;4647598;;;;80080;"Шафи для вина";0;0
2813;4647606;;;;375695;Свічники;0;0
384;4647614;;;;437989;"Аэрографы для маникюра";0;0
1412;4647622;;;;375695;"Штучні квіти";0;0
1955;4647638;;;;4633009;Майонез;0;0
804;4647646;;;;4633009;Горчица;0;0
1968;4647654;;;;4633009;Маринады;0;0
4094;4647662;;;;4633009;Хрен;0;0
3798;4647670;;;;4633009;"Томатная паста";0;0
2753;4647678;;;;4652828;"Плівки на вікна";0;0
3103;4647694;;;;4628397;Рис;0;0
1808;4647702;;;;4628397;"Кукурузная крупа";0;0
1965;4647710;;;;4628397;"Манная крупа";0;0
1491;4647718;;;;4628397;Киноа;0;0
4338;4647726;;;;4628397;"Ячневая крупа";0;0
2679;4647734;;;;4628397;"Перловая крупа";0;0
3013;4647742;;;;4628397;Пшено;0;0
2486;4647750;;;;4628397;Овсянка;0;0
1794;4647758;;;;4628397;"Крупяные смеси";0;0
1837;4647766;;;;4628397;Кускус;0;0
816;4647774;;;;4628397;Гречка;0;0
3012;4647782;;;;4628397;"Пшеничная крупа";0;0
471;4647790;;;;4628397;Бобовые;0;0
958;4647798;;;;4650580;"Дисплеї для телефонів";0;0
3676;4647806;;;;4650580;"Тачскріни для телефонів";0;0
3100;4647814;;;;4628411;"Решітки на батареї";0;0
2084;4647822;;;;152459;Міні-трактори;0;0
2676;4647830;;;;4625734;"Періодичні видання";0;0
1204;4647838;;;;4647830;Журнали;0;0
739;4647846;;;;4647830;Газети;0;0
455;4647854;;;;2394297;"Упорядкування території";0;0
3907;4647870;;;;4647854;"Вуличні урни";0;0
2901;4647910;;;;4647854;"Поштові скриньки";0;0
4643;4647918;;;;139442;"Дитячі майданчики";0;0
2546;4647950;;;;4627851;"Організація дорожнього руху";0;0
985;4647958;;;;4647950;"Дорожнє обладнання";0;0
2629;4647966;;;;4647950;"Паркувальне обладнання";0;0
1885;4647982;;;;4647958;"Лежачі поліцейські";0;0
986;4647998;;;;4647958;"Дорожні огородження";0;0
4680;4648014;;;;4647958;"Дорожні дзеркала";0;0
4681;4648038;;;;4647958;"Дорожні знаки";0;0
3659;4648046;;;;4647958;"Тактильна плитка";0;0
2631;4648054;;;;4647966;"Парковочные столбики";0;0
4848;4648062;;;;4647950;Колесовідбійники;0;0
605;4648094;;;;4647966;Велопарковки;0;0
1650;4648118;;;;4638575;"Кондитерский крем и начинки";0;0
1466;4648126;;;;4648134;Мапи;0;0
2383;4648134;;;;375695;"Настінний декор";0;0
2885;4648142;;;;4648134;Постери;0;0
3655;4648150;;;;4648134;"Таблички та наклейки";0;0
2787;4648158;;;;4648134;Підвіски;0;0
3974;4648166;;;;4648134;Фігури;0;0
2151;4648174;;;;4648134;Мудборди;0;0
3530;4648182;;;;4641768;"Стелажі для лотків";0;0
3692;4648190;;;;4633065;"Візки для ящиків";0;0
5499;4648198;;;;4643712;Тату-антисептики;0;0
346;4648206;;;;4643712;"Анестезія для тату";0;0
11;4648214;;;;86167;Sup-серфінг;0;0
7;4648222;;;;4648214;Sup-дошки;0;0
5;4648230;;;;4648214;Sup-весла;0;0
9;4648238;;;;4648214;Sup-комплектуючі;0;0
2374;4648248;;;;4629914;"Насосні групи для геліосистем";0;0
482;4648254;;;;4625433;"Боксерські ринги";0;0
4484;4648266;;;;2394287;"Бродильні виробництва";0;0
5095;4648272;;;;4648266;"Обладнання для виробництва алкоголю";0;0
5668;4648296;;;;4648266;"Фільтрація і бродіння";0;0
4684;4648302;;;;4648272;"Дробарки для винограду";0;0
5244;4648308;;;;4648272;"Преси для винограду";0;0
4669;4648314;;;;4648272;Дистилятори;0;0
5427;4648368;;;;4648266;Спиртометри;0;0
5672;4648410;;;;4648296;"Фільтри для алкоголю";0;0
3444;4648446;;;;4629513;"Спиртові дріжджі";0;0
5044;4648458;;;;4629513;"Набори для приготування алкогольних напоїв";0;0
5693;4648464;;;;4629513;Хміль;0;0
5423;4648470;;;;4629513;Солод;0;0
3759;4648476;;;;1723657;Тканини;0;0
3761;4648482;;;;4648476;"Тканини для одягу";0;0
1404;4648488;;;;4648476;"Інтер'єрні тканини";0;0
3436;4648494;;;;4648476;"Спеціальні тканини";0;0
4073;4648500;;;;4644304;Хлеб;0;0
545;4648506;;;;4644304;Булки;0;0
1866;4648512;;;;4644304;Лаваш;0;0
3631;4648518;;;;4644304;Сушки;0;0
4087;4648524;;;;4639448;"Холодний асфальт";0;0
1339;4648536;;;;4639448;Вапно;0;0
2639;4648542;;;;4644304;Паски;0;0
1908;4648554;;;;4639424;"Листовой пластик";0;0
2850;4648560;;;;4625614;"Полікарбонат та ПВХ листи";0;0
33;4648566;;;;4627858;"Авто и мото";0;0
32;4648566;;;;4627858;"Авто і мото";0;0
2785;4648572;;;;4642720;"Підвіска автомобіля";0;0
339;4648578;;;;4648572;Амортизатори;0;0
3096;4648584;;;;4648572;Ресори;0;0
2988;4648590;;;;4648572;"Пружини підвіски";0;0
2788;4648596;;;;4648572;"Підвіски у складеному вигляді";0;0
3171;4648602;;;;4648572;"Сайлентблоки підвіски";0;0
5344;4648614;;;;4648572;"Важелі підвіски";0;0
5456;4648620;;;;4648572;"Стійки стабілізаторів";0;0
3128;4648626;;;;4630764;"Кермова тяга";0;0
4174;4648632;;;;4648572;"Кульові опори";0;0
5063;4648638;;;;4630764;"Накінечники кермових тяг";0;0
681;4648644;;;;4642704;"Внутрішні елементи";0;0
55;4648650;;;;4648644;"Автомобильные дверные замки";0;0
54;4648650;;;;4674250;"Автомобільні дверні замки";0;0
3059;4648656;;;;4632897;"Витратні матеріали для кальянів";0;0
3716;4648662;;;;4636711;"Теплі комбінезони для дівчаток";0;0
3719;4648668;;;;4636711;"Теплі штани для дівчаток";0;0
3718;4648674;;;;4636583;"Теплі комбінезони для хлопчиків";0;0
3721;4648680;;;;4636583;"Теплі штани для хлопчиків";0;0
3772;4648686;;;;4628621;"Товари для реабілітації";0;0
2456;4648692;;;;4648686;"Обладнання для дітей з аутизмом";0;0
3266;4648698;;;;4648692;"Сенсорные одеяла";0;0
1920;4648722;;;;4648692;"Логопедические массажеры";0;0
3265;4648734;;;;4648692;"Сенсорные игрушки";0;0
665;4648746;;;;80263;"Виниловые наклейки для телефонов";0;0
1708;4648752;;;;152458;"Корпусні меблі";0;0
3045;4648758;;;;4631312;"Розпашні шафи";0;0
4205;4648764;;;;4631312;"Шафи для посуду";0;0
1529;4648770;;;;4631312;"Книжкові шафи";0;0
4210;4648776;;;;4631312;Шафи-пенали;0;0
175;4648782;;;;4642712;Автоскло;0;0
3175;4648788;;;;4625698;"Самоклейні плівки";0;0
1576;4648794;;;;4326572;Комікси;0;0
885;4648800;;;;4630027;"Тримачі санітарних накладок";0;0
2852;4648806;;;;4630027;"Полиці у ванну";0;0
2881;4648812;;;;4630027;Поручні;0;0
972;4648818;;;;4630027;"Дозатори для мила";0;0
2287;4648824;;;;4630027;Мильниці;0;0
3514;4648830;;;;4630027;"Стакани для ванної кімнати";0;0
1461;4648836;;;;4630027;"Карнизи для ванної кімнати";0;0
2866;4648842;;;;4630027;"Тримачі рушників";0;0
643;4648848;;;;4630027;"Вешалки в ванную";0;0
1801;4648854;;;;4630027;"Гачки та планки для ванної кімнати";0;0
2310;4648860;;;;4630027;"Набори для ванної кімнати";0;0
1535;4648896;;;;4639480;"Ковані елементи";0;0
2458;4648902;;;;3803561;"Обладнання для заземлення";0;0
1227;4648908;;;;4648902;Заземлювачі;0;0
1226;4648914;;;;4648902;"Затискачі заземлення";0;0
887;4648920;;;;4648902;"Тримач шин заземлення";0;0
2862;4648926;;;;4648902;"Смуга заземлення";0;0
2941;4648932;;;;4648902;"Дріт для заземлення";0;0
2109;4648944;;;;4648902;Громоприймачі;0;0
2575;4648950;;;;80079;"Опалювальні котли";0;0
1616;4648956;;;;4648950;"Комплектуючі та запчастини до котлів";0;0
5306;4649016;;;;1723657;Рафія;0;0
4050;4649022;;;;1723657;"Швейна фурнітура";0;0
3686;4649028;;;;4649022;"Текстильная фурнитура";0;0
1890;4649034;;;;4652373;"Стрічки для рукоділля";0;0
1205;4649040;;;;2460397;"Журналы учета";0;0
1254;4649046;;;;4630274;"Запчастини для термопресів";0;0
3758;4649052;;;;4594285;"Тихе вино";0;0
4167;4649058;;;;4594285;"Шампанське та ігристе вино";0;0
624;4649064;;;;4594285;Вермут;0;0
3733;4649070;;;;4630274;"Термопреси для сублімації";0;0
2784;4649076;;;;80260;"Подарункові упаковки";0;0
1702;4649082;;;;4649076;"Коробки для подарунків";0;0
211;4649100;;;;80100;"Аксесуари для акустичних систем";0;0
4709;4649124;;;;4643632;"Заготовки сумок і аксесуарів для вишивки";0;0
674;4649130;;;;4594292;Віскі;0;0
1677;4649136;;;;4594292;"Коньяк і бренді";0;0
3118;4649142;;;;4594292;Ром;0;0
3684;4649148;;;;4594292;"Текіла і мескаль";0;0
686;4649154;;;;4594292;Горілка;0;0
4131;4649160;;;;4594292;Чача;0;0
944;4649166;;;;4594292;Джин;0;0
21;4649172;;;;4594292;Абсент;0;0
811;4649178;;;;4594292;"Грапа та кальвадос";0;0
3714;4649184;;;;4636711;"Теплі жилети для дівчаток";0;0
2702;4649190;;;;4594201;"Пиво і сидр";0;0
3328;4649196;;;;4649190;Сидр;0;0
2077;4649202;;;;2117562;"Мінеральні добрива";0;0
2547;4649208;;;;2117562;"Органічні добрива";0;0
2548;4649214;;;;2117562;"Органомінеральні добрива";0;0
3430;4649226;;;;4649292;"Спальні гарнітури";0;0
3857;4649232;;;;4671541;"Туалетні столики";0;0
2926;4649238;;;;4649292;"Приліжкові тумби";0;0
3715;4649250;;;;4636583;"Теплі жилети для хлопчиків";0;0
2128;4649256;;;;4631896;"Мото аккумуляторы";0;0
2284;4649262;;;;4633017;"Борошняні вироби";0;0
2989;4649268;;;;4649262;Пряники;0;0
1484;4649274;;;;4649262;Кекси;0;0
1787;4649280;;;;4649262;Круасани;0;0
3317;4649286;;;;4656398;"Сітки для бамперів";0;0
2011;4649292;;;;4648752;"Меблі для спальні";0;0
3420;4649298;;;;4627764;Сіль;0;0
2675;4649310;;;;4627764;Перець;0;0
5471;4649322;;;;4627680;"Сушені овочі";0;0
5144;4649328;;;;4631949;Пінополістирол;0;0
5682;4649334;;;;4631949;"Фольга теплоізоляційна";0;0
4550;4649340;;;;4631949;"Спінена ізоляція";0;0
5145;4649412;;;;4631949;"Пінополіетилен теплоізоляційний";0;0
4319;4649418;;;;2349087;"Еротична білизна для чоловіків";0;0
3510;4649424;;;;4675923;"Стабілізатори напруги";0;0
863;4649430;;;;375695;"Декоративные корзины";0;0
864;4649436;;;;375695;"Декоративные коробки";0;0
2655;4649442;;;;2577232;"Паяльне обладнання";0;0
2656;4649454;;;;4649442;"Паяльні ванни";0;0
2657;4649472;;;;4649442;"Паяльні станції";0;0
1406;4649478;;;;4649472;"Інфрачервоні паяльні станції";0;0
3727;4649484;;;;4649472;"Термоповітряні паяльні станції";0;0
1664;4649490;;;;4649472;"Контактні паяльні станції";0;0
305;4649502;;;;4649442;"Аксесуари та комплектуючі для паяльного обладнання";0;0
709;4649508;;;;4649502;"Допоміжні матеріали";0;0
4734;4649514;;;;4649502;"Запчастини для паяльного обладнання";0;0
4269;4649520;;;;4612059;"Електричні паяльники";0;0
2654;4649526;;;;4612059;"Паяльники для пластикових труб";0;0
872;4649532;;;;4649472;"Демонтажні паяльні станції";0;0
1683;4649538;;;;4653402;"Кошики для білизни";0;0
3023;4649544;;;;2577232;Радіодеталі;0;0
4414;4649556;;;;4649544;"Активні компоненти";0;0
2642;4649562;;;;4649544;"Пасивні компоненти";0;0
5214;4649574;;;;4649556;Напівпровідники;0;0
5003;4649580;;;;4649556;Мікросхеми;0;0
4664;4649586;;;;4649556;"Діоди, діодні мости, стабілітрони";0;0
5546;4649592;;;;4649574;Транзистори;0;0
5007;4649616;;;;4649574;"Модулі, складання";0;0
5585;4649628;;;;4649580;Підсилювачі;0;0
4790;4649652;;;;4649580;"Джерела живлення для мікросхем";0;0
5002;4649658;;;;4649580;Мікроконтролери;0;0
4662;4649712;;;;4649586;"Діодні мости";0;0
4663;4649718;;;;4649586;Діоди;0;0
5312;4649730;;;;4649562;Резистори;0;0
3829;4649742;;;;4649562;Трансформатори;0;0
4816;4649748;;;;4649562;"Котушки індуктивності, дроселі";0;0
5232;4649772;;;;4649562;Запобіжники;0;0
5508;4649778;;;;4649562;"Термістори (терморезистори)";0;0
860;4649796;;;;169823;"Декоративные игрушки";0;0
4682;4649826;;;;4649580;Драйвери;0;0
1766;4649898;;;;4649550;"Крепежные элементы";0;0
1163;4649934;;;;4637535;"Жіночі теплі жилети";0;0
4231;4649940;;;;723939;"Шнурки на руку";0;0
4229;4649946;;;;753589;"Шнурки на руку";0;0
4230;4649952;;;;753884;"Шнурки на руку";0;0
5122;4649955;;;;4629818;"ОСЦПВ (ОСАГО)";0;0
2457;4649961;;;;4655222;"Обладнання для тваринництва";0;0
2459;4649967;;;;4649961;"Обладнання для годування тварин";0;0
3225;4649985;;;;4655222;"Сільськогосподарські корми";0;0
1568;4649991;;;;4649985;Комбікорм;0;0
1697;4649997;;;;4649985;"Кормові добавки";0;0
850;4650015;;;;4649961;"Дезінфекція у сільському господарстві";0;0
973;4650021;;;;4655230;"Доїльні апарати";0;0
1599;4650027;;;;4655230;"Комплектуючі для доїльних апаратів";0;0
1243;4650039;;;;4650027;"Запчастини для доїльних апаратів";0;0
4287;4650051;;;;4627052;"Электронные витаминные сигареты";0;0
1449;4650057;;;;4627052;"Капсулы для витаминных электронных сигарет";0;0
668;4650075;;;;4645624;"Виниловые полы";0;0
3968;4650081;;;;4625710;"Фасадна плитка";0;0
1515;4650087;;;;4650081;"Клинкерная фасадная плитка";0;0
1413;4650093;;;;4650081;"Искусственный камень для фасада";0;0
3523;4650105;;;;4650081;"Стеклоблоки для фасада";0;0
1436;4650141;;;;4639600;"Каменный шпон";0;0
4618;4650147;;;;4625077;"Дезінфікувальні засоби";0;0
353;4650159;;;;4626569;Антисептик;0;0
4617;4650165;;;;196455;"Дезінфекція питної води";0;0
3512;4650171;;;;4639184;"Стабілізований мох";0;0
1261;4650177;;;;2577232;"Запчастини для електро та бензоінструменту";0;0
1262;4650183;;;;4650177;"Запчастини для електроінструменту";0;0
1240;4650189;;;;4650177;"Запчастини для бензоінструменту";0;0
3065;4650195;;;;4650177;"Витратні матеріали для електро і бензоінструментів";0;0
1242;4650201;;;;4650183;"Запчастини для болгарок";0;0
1249;4650207;;;;4650183;"Запчастини для перфораторів";0;0
1263;4650213;;;;4650183;"Запчастини для електропилок";0;0
1247;4650219;;;;4650183;"Запчастини для лобзиків";0;0
1244;4650225;;;;4650183;"Запчастини для дрилів";0;0
1259;4650231;;;;4650183;"Запчастини для шліфмашин";0;0
4752;4650243;;;;4650183;"Запчастини до відбійних молотків";0;0
4739;4650249;;;;4650183;"Запчастини для будівельних фенів";0;0
4726;4650255;;;;4650183;"Запчастини для компресорів";0;0
1260;4650261;;;;4650183;"Запчастини для шурупокрутів";0;0
1265;4650273;;;;4650183;"Запчастини до бетономішалок";0;0
4735;4650285;;;;4650183;"Запчастини для зварювань";0;0
4747;4650303;;;;4650183;"Запчастини для електрорубанків";0;0
4737;4650309;;;;4650183;"Запчастини для верстатів";0;0
1241;4650315;;;;4650189;"Запчастини для бензопилок";0;0
4722;4650321;;;;4650189;"Запчастини для бензотримерів";0;0
4721;4650339;;;;4650189;"Запчастини для бензинових двигунів";0;0
3481;4650351;;;;4625077;"Засоби для кухні";0;0
1471;4650363;;;;4625746;"Касова стрічка";0;0
3736;4650369;;;;4625746;"Термотрансферна етикетка";0;0
3737;4650375;;;;4625746;Термоетикетка;0;0
4324;4650381;;;;4625746;Етикет-стрічка;0;0
1891;4650387;;;;4625746;"Стрічки текстильні";0;0
1758;4650393;;;;4625746;"Фарбувальний валик для етикет-пістолетів";0;0
3058;4650399;;;;4625746;"Витратні матеріали для голчастих пістолетів";0;0
3904;4650405;;;;4429255;"Вулична зона";0;0
3101;4650411;;;;4625746;Рибони;0;0
3342;4650417;;;;4628117;"Системи контролю-управління доступом";0;0
4278;4650423;;;;4650417;Електрозамки;0;0
4281;4650429;;;;4650423;"Електромагнітні замки";0;0
4296;4650435;;;;4650423;"Електроригельні замки";0;0
4282;4650441;;;;4650423;"Електромеханічні замки";0;0
4283;4650447;;;;4650423;"Електромеханічні клямки";0;0
1531;4650459;;;;4650417;"Кнопки виходу";0;0
3641;4650471;;;;4650417;"Зчитувачі карт доступу";0;0
1611;4650477;;;;4650417;"Комплектуючі для СККД";0;0
3874;4650483;;;;4650417;Турнікети;0;0
5474;4650501;;;;4650417;"Лічильники відвідувачів";0;0
132;4650513;;;;237071;"HDCVI видеокамеры";0;0
133;4650513;;;;237071;"HDCVI видеокамеры";0;0
131;4650513;;;;237071;"HDCVI відеокамери";0;0
98;4650519;;;;237071;"AHD видеокамеры";0;0
97;4650519;;;;237071;"AHD відеокамери";0;0
135;4650525;;;;237071;"HDTVI (Turbo HD) видеокамеры";0;0
136;4650525;;;;237071;"HDTVI (Turbo HD) видеокамеры";0;0
134;4650525;;;;237071;"HDTVI (Turbo HD) відеокамери";0;0
159;4650531;;;;237071;"MHD видеокамеры";0;0
160;4650531;;;;237071;"MHD видеокамеры";0;0
158;4650531;;;;237071;"MHD відеокамери";0;0
344;4650537;;;;237071;"Аналогові відеокамери";0;0
3975;4650543;;;;4652828;"Упори та фіксатори для дверей";0;0
1235;4650556;;;;4625865;"Фіранки для ванни";0;0
2894;4650562;;;;4626609;"Посуд для суші";0;0
1203;4650568;;;;4627851;Жироуловлювачі;0;0
883;4650574;;;;4630027;"Тримачі для паперових рушників";0;0
1253;4650580;;;;80263;"Запчастини для телефонів";0;0
4425;4650586;;;;4650580;"Антени для телефонів";0;0
4762;4650592;;;;4650580;"Звукові запчастини для телефонів";0;0
4796;4650598;;;;4650580;"Камери для телефонів";0;0
4521;4650604;;;;4650616;"Зовнішні кнопки і клавіатури для телефонів";0;0
4888;4650610;;;;4650580;"Коннектори для телефонів";0;0
1709;4650616;;;;4650580;"Корпусні частини для телефонів";0;0
2067;4650622;;;;4650580;"Мікросхеми для телефонів";0;0
4223;4650628;;;;4650580;"Шлейфи для телефонів";0;0
680;4650634;;;;4650616;"Зовнішні корпусні частини";0;0
4524;4650640;;;;4650616;"Внутрішні корпусні частини";0;0
4623;4650646;;;;4650616;"Тримачі SIM-карти";0;0
1250;4650658;;;;80256;"Запчастини для планшетів";0;0
957;4650670;;;;4650658;"Дисплеї для планшетів";0;0
3675;4650676;;;;4650658;"Тачскріни для планшетів";0;0
4898;4650694;;;;4650658;"Корпусні частини для планшетів";0;0
5743;4650718;;;;4650658;"Шлейфи для планшетів";0;0
598;4650724;;;;4630027;"Ведра туалетные";0;0
663;4650736;;;;80256;"Виниловые наклейки для ноутбуков";0;0
664;4650742;;;;108714;"Виниловые наклейки для планшетов";0;0
2147;4650748;;;;4631896;Мотоекіпірування;0;0
2134;4650754;;;;4650748;Мотокуртки;0;0
2146;4650760;;;;4650748;Мотоштани;0;0
2133;4650766;;;;4650748;"Мотокомбінезони (мотокостюми)";0;0
2136;4650772;;;;4650748;Моторукавиці;0;0
5021;4650778;;;;4650748;Мотодощовики;0;0
2131;4650784;;;;4650748;Мотожилети;0;0
5206;4650790;;;;4650748;Підшоломники;0;0
5020;4650796;;;;4650748;Мотоджерсі;0;0
4674;4650802;;;;4630027;"Дозатори для зубної пасти";0;0
884;4650808;;;;4630027;"Тримачі для ванної кімнати";0;0
2818;4650814;;;;4630027;"Подставки для косметики";0;0
3373;4650820;;;;4630027;"Скребки для ванної кімнати";0;0
3583;4650826;;;;4639424;"Строительный крепеж";0;0
347;4650832;;;;4626514;Анкери;0;0
889;4650838;;;;102573;"Дитяча безпека";0;0
5430;4651270;;;;1162030;Спорт;0;0
571;4651378;;;;149287;"Побутові фільтри для води";0;0
5578;4651390;;;;156672;"Ультрафіолетові фільтри";0;0
2132;4652026;;;;4631896;Мотозахист;0;0
2135;4652038;;;;4652026;Мотоокуляри;0;0
2129;4652044;;;;4652026;Мотоботи;0;0
2143;4652050;;;;4652026;Моточерепахи;0;0
5023;4652056;;;;4652026;"Мото захист колін, ліктів, шиї і рук";0;0
4761;4652062;;;;4652026;"Захисні шорти";0;0
2141;4652068;;;;4631896;Мототюнінг;0;0
2139;4652074;;;;4652068;Мотосигналізації;0;0
5662;4652104;;;;4652068;"Фара на мотоцикл";0;0
5026;4652122;;;;4652068;Мотоповоротники;0;0
372;4652134;;;;4638575;"Ароматизаторы для выпечки";0;0
256;4652140;;;;4631896;"Аксесуари для мотоциклів";0;0
4908;4652146;;;;4652140;Кофри;0;0
5029;4652152;;;;4652140;Мотосумки;0;0
5024;4652164;;;;4652140;Мотодзеркала;0;0
5028;4652170;;;;4652140;Моторучки;0;0
5196;4652182;;;;4652140;"Підніжки на мотоцикл";0;0
5030;4652188;;;;4652140;Моточохли;0;0
2033;4652200;;;;4652140;"Дрібні аксесуари для мото";0;0
4436;4652212;;;;4652140;"Аудіосистеми для мотоцикла";0;0
5760;4652218;;;;4652140;"Щуп на мотоцикл";0;0
2010;4652224;;;;4648752;"Меблі для кухні";0;0
1841;4652230;;;;4652224;"Кухонні гарнітури";0;0
1851;4652236;;;;4652230;"Кухонні куточки";0;0
2363;4652240;;;;4649076;"Наповнювач для коробок";0;0
4044;4652247;;;;1723657;"Фурнітура для біжутерії";0;0
1214;4652261;;;;4652247;"Заготовки для біжутерії";0;0
2789;4652268;;;;4652247;"Подвески для бижутерии";0;0
1813;4652275;;;;4652247;"Кулоны для бижутерии";0;0
5460;4652282;;;;4652247;Стопери;0;0
5091;4652289;;;;4652247;"Обіймачі для намистин";0;0
1232;4652303;;;;4652247;"Замки і застібки";0;0
1222;4652310;;;;4652247;"Затискачі для біжутерії";0;0
1425;4652317;;;;4652247;Кабошони;0;0
435;4652324;;;;4652247;Піни;0;0
1673;4652338;;;;4652247;"Конусы и колпачки";0;0
3410;4652345;;;;4652247;"З'єднувальні елементи";0;0
4048;4652373;;;;1723657;"Матеріали для рукоділля";0;0
558;4652380;;;;4652373;Намистини;0;0
3570;4652387;;;;4652373;Стрази;0;0
2597;4652394;;;;4652373;Паєтки;0;0
5514;4652422;;;;4652373;"Тканинні нашивки";0;0
865;4652429;;;;4652373;"Декоративні елементи";0;0
1215;4652436;;;;4652373;"Заготовки для рукоділля";0;0
1995;4652443;;;;4652373;"Материалы для нанизывания";0;0
2943;4652450;;;;4652247;"Дріт і троси";0;0
449;4652464;;;;1723657;Бисероплетение;0;0
448;4652471;;;;4652373;Бісер;0;0
2991;4652478;;;;4649022;"Ґудзики та блискавки";0;0
1321;4652492;;;;4649022;Голки;0;0
3781;4652506;;;;80260;"Товари для весілля";0;0
281;4652520;;;;4652506;"Аксесуари для весільних конкурсів";0;0
2827;4652527;;;;4652506;"Подушечки для кілець";0;0
1528;4652534;;;;4652506;"Книги побажань";0;0
706;4652541;;;;4652506;"Все для пісочної церемонії";0;0
3194;4652548;;;;4652506;"Весільне сито";0;0
3195;4652555;;;;4652506;"Весільні номери на машину";0;0
1701;4652562;;;;4652506;"Коробки для грошей";0;0
2311;4652576;;;;4652506;"Набори для вінчання";0;0
3446;4652583;;;;4652667;"Спиці для в'язання";0;0
1392;4652590;;;;1723657;"Инструменты для рукоделия";0;0
2543;4652618;;;;1723657;"Органайзери для рукоділля";0;0
579;4652632;;;;1723657;Валяння;0;0
5667;4652639;;;;4652632;Фетр;0;0
736;4652667;;;;1723657;В'язання;0;0
575;4652674;;;;4629263;"Вакуумні пакети";0;0
2544;4652681;;;;4629263;"Органайзери для зберігання";0;0
1688;4652688;;;;4629263;"Кошики для зберігання";0;0
1703;4652695;;;;4629263;"Коробки для хранения";0;0
1668;4652702;;;;4629263;"Контейнери та коробки для зберігання";0;0
3786;4652709;;;;4629263;"Товары для хранения одежды и обуви";0;0
2755;4652716;;;;4629263;Плечики;0;0
4147;4652723;;;;4629263;"Чохли для зберігання речей";0;0
2063;4652730;;;;3647328;"Мішки та кульки для прання";0;0
3789;4652737;;;;3547641;"Товари для догляду за одягом";0;0
4322;4652744;;;;152458;Етажерки;0;0
3865;4652751;;;;4671666;"Тумби та підставки для взуття";0;0
1874;4652758;;;;437989;"Лампи для манікюру";0;0
4034;4652765;;;;437989;"Фрезери для манікюру і педикюру";0;0
274;4652772;;;;437989;"Аксесуари для приладів";0;0
2372;4652779;;;;4652772;"Насадки для фрезера";0;0
725;4652786;;;;437989;"Витяжки для манікюру";0;0
3116;4652793;;;;437989;"Пилки електричні для манікюру і педикюру";0;0
4271;4652800;;;;437989;"Электрические пилки для ногтей";0;0
4178;4652807;;;;4635983;"Шахти для кальянів";0;0
5279;4652814;;;;4631376;"Процесори для ноутбука";0;0
5004;4652821;;;;4631376;"Мікросхеми для ноутбука";0;0
1605;4652828;;;;4657803;"Комплектуючі для вікон і дверей";0;0
2810;4652835;;;;4652828;Підвіконня;0;0
4047;4652842;;;;4652828;"Фурнітура для вікон";0;0
4049;4652849;;;;4652828;"Фурнитура для створок и рамы";0;0
3931;4652863;;;;4652828;"Ущільнювач для вікон і дверей";0;0
5125;4652870;;;;4652828;Відкоси;0;0
5126;4652884;;;;4652828;"Відлив віконний";0;0
2740;4652891;;;;4652835;"Пластиковые подоконники";0;0
880;4652898;;;;4652835;"Деревянные подоконники";0;0
3135;4652919;;;;4652842;"Ручки для окон";0;0
2491;4652933;;;;4652842;"Ограничитель открывания окна";0;0
2693;4652947;;;;4652849;"Петли для окон";0;0
1238;4652982;;;;4652849;"Запоры для окон";0;0
2079;4652996;;;;80260;Міні-бари;0;0
4007;4653010;;;;84703;Фляги;0;0
3928;4653017;;;;753399;"Упаковки для алкогольных напитков";0;0
3608;4653045;;;;753404;"Сумки для трубок";0;0
3993;4653066;;;;753404;"Фильтры трубочные";0;0
4146;4653073;;;;753404;"Чехлы для сигарет";0;0
4896;4653080;;;;3803561;"Корпуси для електроніки";0;0
3038;4653115;;;;80256;Райзери;0;0
3616;4653192;;;;4394353;"Сумки господарські";0;0
1803;4653199;;;;4629263;"Гачки і кріплення";0;0
352;4653206;;;;4652828;"Москітні сітки";0;0
2349;4653213;;;;4394353;"Накладки на унітаз";0;0
2538;4653220;;;;80111;"Оптичне обладнання";0;0
5114;4653227;;;;1230965;"Оптичні патч корди";0;0
5157;4653234;;;;4653220;Пігтейли;0;0
2533;4653241;;;;4653220;"Оптичні патч панелі";0;0
5115;4653262;;;;4653220;"Оптичні розетки та адаптери";0;0
4782;4653269;;;;4653220;"Інструменти та аксесуари для оптоволоконних кабелів";0;0
3447;4653297;;;;4653220;"Оптичні муфти та сплайс-касети";0;0
8;4653304;;;;4653220;"SFP модулі";0;0
2021;4653311;;;;4653220;Медіаконвертери;0;0
1656;4653332;;;;4653220;"Коннектори оптичні";0;0
1577;4653339;;;;4630100;"Коммуникационные шкафы и стойки";0;0
2381;4653388;;;;375695;"Настінні ключниці";0;0
597;4653402;;;;3547641;"Відра та корзини";0;0
594;4653409;;;;4653402;Відра;0;0
1685;4653416;;;;4653402;"Відра та кошики для сміття";0;0
1666;4653423;;;;4653402;"Контейнеры для мусора";0;0
657;4653430;;;;80253;"Видеоразветвители, коммутаторы и переключатели";0;0
3551;4653437;;;;3547641;"Стирка и глажка";0;0
3658;4653444;;;;3647328;Тази;0;0
1886;4653451;;;;4625304;"Лійки для квітів";0;0
678;4653458;;;;3647328;Вологопоглиначі;0;0
596;4653465;;;;4629256;"Відра для швабри";0;0
1627;4653472;;;;4629256;"Комплекты для уборки";0;0
3408;4653479;;;;4629256;"Совки для прибирання";0;0
614;4653486;;;;4629256;"Віники та щітки";0;0
4179;4653493;;;;4629256;Швабри;0;0
1276;4653507;;;;4674244;"Захист двигуна";0;0
4197;4653514;;;;4625614;Шифер;0;0
452;4653521;;;;4625614;"Бітумні листи (ондулін)";0;0
4138;4653528;;;;4625614;Черепиця;0;0
2052;4653535;;;;4653528;Металочерепиця;0;0
451;4653542;;;;4653528;"Бітумна черепиця";0;0
2394;4653556;;;;4653528;"Натуральна черепиця";0;0
968;4653570;;;;4625614;"Добірні елементи для покрівлі";0;0
693;4653577;;;;4625614;"Водостічні системи для даху";0;0
2037;4653598;;;;4625614;"Мембрани і покрівельні плівки";0;0
3422;4653605;;;;4653619;"Обладнання для басейнів";0;0
1614;4653612;;;;4653528;"Комплектуючі для черепиці";0;0
2454;4653619;;;;2394297;"Басейни та аксесуари";0;0
5133;4653626;;;;152463;"Парогенератори для лазні";0;0
4142;4653633;;;;4645872;"Чохли для коліс";0;0
4148;4653640;;;;4645872;"Чохли для елементів авто";0;0
86;4653647;;;;4645872;"Автомобильные тенты";0;0
84;4653647;;;;4645872;"Автомобільні тенти";0;0
4154;4653654;;;;4645872;"Чохли на автобокси";0;0
4145;4653668;;;;4645872;"Чохли для ручки КПП";0;0
2936;4653675;;;;3647328;Прищіпки;0;0
3490;4653689;;;;4626569;"Засоби для дезінфекції інструментів";0;0
2341;4653696;;;;4265798;"Накидки для годування";0;0
1230;4653703;;;;273292;"Замінники харчування";0;0
1201;4653717;;;;273292;"Риб'ячий жир та омега";0;0
2938;4653724;;;;273292;"Пробіотики та пребіотики";0;0
3548;4653731;;;;273292;"Стимулятори тестостерону";0;0
2883;4653738;;;;273292;"Післятренувальні комплекси";0;0
3455;4653745;;;;273298;"Пляшки для води";0;0
1667;4653766;;;;273298;"Контейнери для спортивного харчування";0;0
3654;4653773;;;;4628719;Таблетниці;0;0
1256;4653789;;;;4624900;"Запчастини для тренажерів";0;0
615;4653796;;;;4653880;"Вентилі для безкамерних шин";0;0
487;4653803;;;;4653817;"Болти колісні";0;0
1544;4653817;;;;4653880;"Кріплення для коліс";0;0
747;4653824;;;;4653817;"Гайки колісні";0;0
1521;4653831;;;;4653817;"Ключі-перехідники колісні";0;0
4243;4653838;;;;4653817;"Шпильки колісні";0;0
4111;4653852;;;;4653817;"Центрувальні кільця";0;0
488;4653859;;;;4653817;"Болти секретки";0;0
748;4653866;;;;4653817;"Гайки секретки";0;0
4621;4653873;;;;4653817;"Декоративні ковпачки на колісні болти";0;0
168;4653880;;;;4627038;"Автомобільні шини і автодиски";0;0
5265;4653887;;;;4627851;"Промислове обладнання";0;0
2323;4653915;;;;1723657;"Наборы для шитья кукол";0;0
5398;4653950;;;;4674190;"Системи очищення скла та фар автомобіля";0;0
4457;4653957;;;;4653950;"Бачки омивача";0;0
1407;4653964;;;;149287;"Іонізатори води";0;0
4362;4653971;;;;149287;"Аква дистилятори";0;0
1893;4653978;;;;4625698;Ліпнина;0;0
2899;4653985;;;;4653978;"Потолочные розетки";0;0
862;4653992;;;;4653978;"Декоративные консоли";0;0
2108;4653999;;;;4653978;"Молдинги из полиуретана";0;0
858;4654006;;;;4653978;"Декоративные балки";0;0
2714;4654013;;;;4653978;Пилястры;0;0
861;4654020;;;;4653978;"Декоративные колонны";0;0
3970;4654027;;;;4653978;"Фасадные подоконники";0;0
3601;4654034;;;;753814;"Сувенирные монеты";0;0
1926;4654041;;;;189145;Лонгборди;0;0
2664;4654048;;;;189145;"Пенні борди";0;0
3357;4654055;;;;189145;Скейтборди;0;0
3102;4654062;;;;189145;Рипстики;0;0
2393;4654069;;;;4624893;"Настільний теніс";0;0
2344;4654076;;;;4654069;"Накладки для ракеток";0;0
2567;4654083;;;;4654069;"Основи для ракеток";0;0
1295;4654090;;;;1735862;"Засоби аварійної безпеки";0;0
51;4654097;;;;1735862;"Автомобільні аптечки";0;0
543;4654104;;;;1735862;"Буксирувальні троси";0;0
1199;4654111;;;;1735862;"Жилеты светоотражающие";0;0
1443;4654118;;;;1735862;"Каністри автомобільні";0;0
65;4654132;;;;1735862;"Автомобильные лейки";0;0
64;4654132;;;;1735862;"Автомобільні лійки";0;0
3519;4654139;;;;1735862;"Стартові дроти";0;0
2305;4654146;;;;1735862;"Набори автомобіліста";0;0
71;4654153;;;;1735862;"Автомобильные огнетушители";0;0
70;4654153;;;;1735862;"Автомобільні вогнегасники";0;0
3595;4654160;;;;1735862;"Стяжні троси";0;0
1966;4654167;;;;1735862;"Манометри автомобільні";0;0
3942;4654174;;;;1735862;"Пристрої проти ковзання коліс";0;0
2911;4654181;;;;4644128;"Запобіжники автомобільні";0;0
3105;4654188;;;;4643944;"Рихтувальне обладнання";0;0
1517;4654195;;;;4628530;"Клубни бегонии";0;0
2832;4654202;;;;4643944;"Підйомне устаткування";0;0
2464;4654209;;;;4643944;"Устаткування для розвал-сходження";0;0
4191;4654216;;;;4643944;"Шиномонтажне обладнання";0;0
3435;4654223;;;;4643944;Автоінструмент;0;0
1636;4654237;;;;4630542;Компресометри;0;0
4312;4654244;;;;4630542;"Ендоскопи автомобільні";0;0
1383;4654251;;;;4630542;"Інспекційне світло для СТО";0;0
1935;4654286;;;;4628530;"Луковицы гладиолусов";0;0
1938;4654300;;;;4628530;"Луковицы лилий";0;0
1936;4654314;;;;4628530;"Луковицы и клубни анемон";0;0
3166;4654342;;;;4628530;"Саженцы хосты";0;0
1937;4654363;;;;4628530;"Луковицы ирисов";0;0
1939;4654384;;;;4628530;"Луковицы тюльпанов";0;0
1518;4654398;;;;4628530;"Клубни георгины";0;0
2338;4654503;;;;280596;"Навігаційні системи";0;0
2970;4654510;;;;280596;"Протиугонні системи";0;0
2062;4654517;;;;4654510;"Механічні протиугонні пристрої";0;0
2632;4654524;;;;278669;Парктроніки;0;0
3068;4654531;;;;280596;"Рації автомобільні";0;0
984;4654538;;;;280596;"Додаткові електроприлади в авто";0;0
3029;4654545;;;;4654538;"Розгалужувачі прикурювача";0;0
2809;4654552;;;;4654538;"Подогреватели напитков для автомобиля";0;0
73;4654566;;;;4654538;"Автомобильные очистители воздуха";0;0
72;4654566;;;;4654538;"Автомобільні очищувачі повітря";0;0
717;4654573;;;;4654538;"Вбудований підігрів сидінь";0;0
69;4654580;;;;4654538;"Автомобильные обогреватели";0;0
68;4654580;;;;4654538;"Автомобільні обігрівачі";0;0
53;4654587;;;;4654538;"Автомобильные вентиляторы";0;0
52;4654587;;;;4654538;"Автомобільні вентилятори";0;0
2960;4654593;;;;3510436;"Промислові шланги і рукава";0;0
3169;4654600;;;;4625698;Сайдинг;0;0
3969;4654607;;;;4639488;"Фасадные панели";0;0
722;4654619;;;;4644128;"Вимикачі автомобільні";0;0
147;4654625;;;;4627851;"LED вывески";0;0
148;4654625;;;;4627851;"LED вывески";0;0
146;4654625;;;;4672423;"LED обладнання для реклами";0;0
82;4654631;;;;4642680;"Автомобильные сигналы";0;0
81;4654631;;;;4644128;"Автомобільні сигнали";0;0
921;4654643;;;;4633561;"Дитячі шкарпетки і колготки";0;0
908;4654655;;;;4654643;"Дитячі колготки";0;0
920;4654667;;;;4654643;"Дитячі шкарпетки";0;0
903;4654673;;;;4654643;"Дитячі гольфи";0;0
3569;4654679;;;;375695;"Стопер для дверей";0;0
348;4654685;;;;273291;"Антени для авто";0;0
4096;4654691;;;;4646112;"Худи для малышей";0;0
1659;4654697;;;;80260;"Консервовані подарунки";0;0
1036;4654703;;;;4627659;"Желе і десерти";0;0
1647;4654709;;;;4638575;"Кондитерские глазури и покрытия";0;0
3901;4654715;;;;4638575;"Украшения для выпечки";0;0
2645;4654721;;;;4638575;"Патока и клеи";0;0
3037;4654727;;;;4638575;Разрыхлители;0;0
996;4654733;;;;4638575;Дрожжи;0;0
2727;4654739;;;;4638575;"Пищевые красители";0;0
1216;4654745;;;;4638575;Загустители;0;0
3198;4655048;;;;4624997;"Свіжі овочі та фрукти";0;0
5100;4655054;;;;4655048;Овочі;0;0
4041;4655060;;;;4655048;Фрукти;0;0
5786;4655066;;;;4655048;Ягоди;0;0
1287;4655072;;;;4655048;"Зелень і салати";0;0
4601;4655078;;;;4655048;Гриби;0;0
2752;4655102;;;;4639600;"Плівка поліетиленова та малярний картон";0;0
1217;4655114;;;;4626604;"Запальнички для кухні";0;0
2572;4655120;;;;4626604;"Відокремлювачі кісточок";0;0
4019;4655126;;;;4626604;Форми;0;0
1876;4655132;;;;4626604;"Локшинорізка і машинки для тіста";0;0
1441;4655144;;;;4626629;"Камені для віскі";0;0
3626;4655150;;;;4626604;"Сушарки для зелені";0;0
5610;4655162;;;;83850;"Знижене в ціні обладнання для салонів краси";0;0
1843;4655168;;;;4652230;"Кухонні модулі";0;0
388;4655174;;;;4627087;"Багажні кошики";0;0
4928;4655186;;;;4627087;"Кунги для пікапів";0;0
3965;4655204;;;;4627087;Фаркопи;0;0
2540;4655210;;;;4656416;"Органайзери в машину";0;0
3224;4655216;;;;4627851;"Сільське господарство";0;0
1190;4655222;;;;4655216;Тваринництво;0;0
3368;4655230;;;;4655222;Скотарство;0;0
2765;4655242;;;;2460402;"Пломбы и пломбираторы";0;0
1972;4655260;;;;4655222;"Маркування тварин";0;0
2448;4655284;;;;4649961;"Обігрів тварин";0;0
4295;4655290;;;;4649961;Електропоганялки;0;0
3011;4655326;;;;4655222;Бджільництво;0;0
2463;4655332;;;;4655326;"Устаткування для бджільництва";0;0
1618;4655344;;;;4655332;"Комплектующие к медогонкам";0;0
702;4655350;;;;4655332;Воскотопки;0;0
1369;4655362;;;;4655326;"Інвентар бджоляра";0;0
3909;4655368;;;;4655326;"Ульи и комплектующие";0;0
720;4655374;;;;4655326;"Вывод маток";0;0
3908;4655380;;;;4655326;"Вулики та комплектуючі";0;0
3042;4655386;;;;4655368;"Рамки для ульев";0;0
1612;4655392;;;;4655368;"Комплектующие для ульев";0;0
3340;4655398;;;;4655374;"Системы для вывода маток";0;0
1366;4655410;;;;4655326;"Інвентар для виведення маток";0;0
4448;4655421;;;;2460397;"Бандеролі та етикетки";0;0
3576;4655445;;;;161187;"Будівельне обладнання";0;0
644;4655457;;;;4655445;"Вібратори для бетону";0;0
646;4655463;;;;4655445;Віброплити;0;0
648;4655469;;;;4655445;Вібротрамбувалки;0;0
647;4655475;;;;4655445;Віброрейки;0;0
4185;4655481;;;;4655445;Швонарізчики;0;0
1271;4655493;;;;4655445;"Затиральні машини по бетону";0;0
3243;4655499;;;;4639192;"Насіння олійних культур";0;0
3235;4655505;;;;4639192;"Насіння зернових культур";0;0
3258;4655511;;;;4639192;"Насіння сидератів і медоносів";0;0
3260;4655517;;;;4655511;"Семена фацелии";0;0
3262;4655523;;;;4655511;"Семена эспарцета";0;0
3232;4655529;;;;4655511;"Семена горчицы";0;0
3239;4655535;;;;4655511;"Семена клевера";0;0
3242;4655541;;;;4655511;"Семена люцерны";0;0
518;4655547;;;;2368227;Бретели;0;0
712;4655559;;;;2368227;"Вставки в бюстгальтер";0;0
3020;4655571;;;;4628751;"Робочий спецодяг";0;0
2025;4655577;;;;4628751;"Медичний одяг";0;0
4018;4655583;;;;4628751;"Формений одяг";0;0
1279;4655589;;;;4628751;"Захисний спецодяг";0;0
190;4655595;;;;4628751;"Академічний одяг";0;0
3326;4655601;;;;4628751;"Сигнальний одяг";0;0
2502;4655607;;;;4628751;"Одяг для сфери обслуговування";0;0
2501;4655613;;;;4628751;"Одяг для бджільництва";0;0
3097;4655763;;;;80111;"Ретранслятори Wi-Fi";0;0
5381;4655769;;;;4639192;"Насіння дерев та чагарників";0;0
2086;4655775;;;;4639192;"Міцелій грибів";0;0
3240;4655805;;;;2117592;"Насіння кімнатних квітів";0;0
3248;4655811;;;;2117592;"Насіння однорічних квітів";0;0
3233;4655817;;;;2117592;"Насіння дворічних квітів";0;0
3244;4655823;;;;2117592;"Насіння багаторічних квітів";0;0
3230;4655829;;;;2117537;"Семена брюквы";0;0
3255;4655835;;;;2117537;"Насіння ріпи";0;0
3249;4655847;;;;2117537;"Насіння патисонів";0;0
3254;4655853;;;;2117537;"Насіння редьки";0;0
2024;4655883;;;;4671998;"Медичні меблі";0;0
4209;4655889;;;;4655883;"Шафи медичні";0;0
5734;4655895;;;;4655883;"Ширми медичні";0;0
5458;4655901;;;;4655883;"Столи медичні";0;0
1779;4655907;;;;4655883;"Ліжка медичні";0;0
4919;4655919;;;;4655883;"Крісла медичні";0;0
4995;4655925;;;;4655883;"Медичні штативи";0;0
1802;4655937;;;;4652667;"Гачки для в'язання";0;0
4376;4655943;;;;4652667;"Аксесуари для в'язання";0;0
4005;4655949;;;;4625614;Флюгер;0;0
3192;4655961;;;;1162030;"Весільний одяг";0;0
3196;4655967;;;;4655961;"Весільні плаття";0;0
3193;4655973;;;;4655961;"Весільна фата";0;0
4932;4655982;;;;163968;"Лабораторні меблі";0;0
5794;4655988;;;;4655982;"Столи лабораторні";0;0
4934;4656000;;;;4655982;"Лабораторні та промислові стільці";0;0
2956;4656012;;;;163968;"Промислові меблі";0;0
625;4656024;;;;4656012;Верстати;0;0
1596;4656030;;;;4656012;"Комплектуючі для верстатів";0;0
3864;4656036;;;;4656012;"Тумбы инструментальные";0;0
4206;4656042;;;;4656012;"Шафи інструментальні";0;0
754;4656048;;;;163968;"Гардеробні лавки";0;0
2400;4656054;;;;163968;"Нейтральне обладнання з нержавіючої сталі";0;0
583;4656060;;;;4656054;"Ванни мийні";0;0
2853;4656066;;;;4656054;"Полиці та стелажі для громадського харчування";0;0
3564;4656072;;;;4656054;"Столи виробничі";0;0
755;4656090;;;;4656054;Гастроємності;0;0
20;4656096;;;;163983;"Абонентські шафи";0;0
3693;4656108;;;;4656054;"Візки з нержавійки";0;0
4213;4656114;;;;163983;"Шафи коміркові";0;0
4212;4656120;;;;163983;"Шафи господарські";0;0
716;4656126;;;;163969;"Вбудовані сейфи";0;0
2019;4656132;;;;163969;"Сейфи для дому та офісу";0;0
875;4656138;;;;163969;"Депозитные модули";0;0
1472;4656144;;;;163969;"Кассовые сейфы";0;0
80;4656150;;;;163969;"Автомобильные сейфы";0;0
79;4656150;;;;163969;"Автомобільні сейфи";0;0
2555;4656156;;;;163969;"Сейфи і шафи для зброї";0;0
4310;4656162;;;;163969;"Элитные сейфы";0;0
2582;4656168;;;;163969;"Офисные сейфы";0;0
5426;4656174;;;;4628719;"Спіралі внутрішньоматкові і песарії";0;0
3566;4656180;;;;4628719;"Стоматологічні матеріали";0;0
3999;4656192;;;;80260;"Прапори і аксесуари";0;0
3998;4656198;;;;4656192;Прапори;0;0
4000;4656204;;;;4656192;"Флагштоки і тримачі";0;0
4027;4656216;;;;4658540;Фотопастки;0;0
4933;4656222;;;;152460;"Лабораторні блоки живлення";0;0
3711;4656228;;;;80192;"Теплові гармати";0;0
3213;4656234;;;;4655222;Свинарство;0;0
2468;4656240;;;;4656234;"Оборудование для свиноводства";0;0
634;4656252;;;;4649961;"Ваги для тварин";0;0
2672;4656258;;;;4649961;"Перегін худоби";0;0
637;4656264;;;;4655222;"Ветеринарні інструменти";0;0
2635;4656276;;;;80121;Пароконвектомати;0;0
4187;4656294;;;;273298;"Спортивні шейкери";0;0
343;4656318;;;;4655230;"Аналізатори сільгосппродукції";0;0
695;4656326;;;;4627283;"Повітряні фільтри";0;0
3808;4656332;;;;4627283;"Паливні фільтри";0;0
1990;4656338;;;;4627283;"Масляні фільтри";0;0
3977;4656344;;;;4627283;"Фільтри ГБО";0;0
3986;4656350;;;;4627283;"Фильтры осушителя воздуха";0;0
56;4656356;;;;4674250;"Автомобільні дверні ручки";0;0
1289;4656362;;;;4642712;"Дзеркала автомобільні";0;0
4894;4656368;;;;4649985;"Корми рослинного походження";0;0
34;4656386;;;;4654538;Автокипятильники;0;0
182;4656392;;;;4654538;"Підігрів та приготування їжі і напоїв в авто";0;0
177;4656398;;;;4643616;Автотюнінг;0;0
2343;4656404;;;;4656398;"Накладки для авто";0;0
4594;4656410;;;;152463;"Готові сауни";0;0
1402;4656416;;;;4643616;"Інтер'єр автомобіля";0;0
85;4656422;;;;4656416;"Автомобильные столики и вешалки";0;0
83;4656422;;;;4656416;"Автомобільні столики і вішалки";0;0
186;4656428;;;;4656416;Автошторки;0;0
3043;4656434;;;;2769487;"Рамки номерного знака";0;0
4261;4656440;;;;2769487;"Щітки та скребки";0;0
692;4656446;;;;2769487;Водозгони;0;0
319;4656452;;;;2769487;"Аксесуари для догляду за автомобілем";0;0
2829;4656458;;;;4656416;"Подушки в авто";0;0
170;4656464;;;;4656398;Автоплівки;0;0
4760;4656470;;;;4656464;"Захисні плівки на авто";0;0
4620;4656476;;;;4656464;"Декоративні автоплівки";0;0
2352;4656482;;;;4656398;"Наліпки для авто та мото";0;0
3136;4656494;;;;4656398;"Ручки КПП";0;0
4619;4656500;;;;277644;"Декоративне підсвічування автомобіля";0;0
1274;4656512;;;;4674244;"Захист бампера і дуги";0;0
2949;4656518;;;;4654538;"Проекційні дисплеї на лобове скло";0;0
1375;4656524;;;;4654538;"Індикаторні панелі для автомобіля";0;0
3137;4656530;;;;2769487;"Ручки на кермо автомобільні";0;0
2802;4656537;;;;4643944;"Підкатні меблі для СТО";0;0
295;4656543;;;;4638583;"Аксесуари для трубок";0;0
4060;4656549;;;;723934;"Футляры для изделий";0;0
2514;4656567;;;;4626569;"Одноразові пінні губки";0;0
679;4656570;;;;4626569;"Вологі серветки";0;0
589;4656576;;;;4626569;"Ватні диски";0;0
3441;4656582;;;;4627858;Спецтехніка;0;0
3329;4656588;;;;4656582;"Силове обладнання";0;0
5387;4656594;;;;4656582;"Силові передачі";0;0
4079;4656600;;;;4656582;"Ходове обладнання";0;0
5053;4656624;;;;4656582;"Навісне і причіпне сільгоспобладнання";0;0
4753;4656630;;;;4656582;"Запчастини до сільгосптехніки";0;0
4878;4656636;;;;4656582;"Комплекти переобладнання тракторів і автомобілів";0;0
3805;4656642;;;;4656588;"Топливная аппаратура";0;0
3806;4656648;;;;4656642;"Топливные насосы высокого давления";0;0
3809;4656654;;;;4672923;"Паливні форсунки";0;0
3807;4656660;;;;4656642;"Топливные насосы низкого давления";0;0
5579;4656684;;;;4656588;Ущільнення;0;0
4616;4656702;;;;4656588;Двигун;0;0
4829;4656714;;;;4656702;"Клапани дизельних двигунів";0;0
5709;4656738;;;;4642672;"Циліндро-поршнева група";0;0
5729;4656750;;;;4656702;"Шатуни дизельних двигунів";0;0
4985;4656756;;;;4656702;"Масляні насоси дизельних двигунів";0;0
5547;4656762;;;;4656588;Трансмісія;0;0
4893;4656768;;;;4656762;"Кошики зчеплення";0;0
3983;4656792;;;;4656588;"Фільтри для спецтехніки";0;0
4545;4656798;;;;4656588;"Впускна система";0;0
5564;4656804;;;;4656798;"Турбокомпресори для дизельних двигунів";0;0
4554;4656810;;;;4656588;"Випускна система";0;0
3336;4656816;;;;4656588;"Система охолодження";0;0
5071;4656828;;;;4673845;"Насоси системи охолодження";0;0
4293;4656834;;;;4656588;Електрообладнання;0;0
5449;4656840;;;;4656834;"Стартери для спецтехніки";0;0
837;4656864;;;;4656834;"Датчики для спецтехніки";0;0
4577;4656870;;;;4656594;"Гідравлічні системи";0;0
5336;4656894;;;;4656870;"Рукава високого тиску";0;0
4581;4656900;;;;4656870;Гідроциліндри;0;0
828;4656936;;;;4656600;"Гусеницы для спецтехники";0;0
5393;4656972;;;;4630454;"Система опалення автомобіля";0;0
5330;4656978;;;;4648644;"Ролики дверні автомобільні";0;0
4481;4656996;;;;4656624;"Борони на трактор";0;0
5385;4657014;;;;4656624;"Сівалки на трактор";0;0
4927;4657038;;;;4656624;"Культиватори на трактор";0;0
5113;4657050;;;;4656624;"Оприскувачі на трактор";0;0
4586;4657056;;;;4656624;Глибокорозпушувачі;0;0
4754;4657074;;;;4656630;"Запчастини до сівалок";0;0
4751;4657092;;;;4656630;"Запчастини до культиваторів";0;0
809;4657128;;;;753814;Граммофоны;0;0
5629;4657134;;;;83850;"Знижені в ціні книги";0;0
2081;4657146;;;;80079;Міні-кондиціонери;0;0
5207;4657168;;;;83916;"Пошукові магніти";0;0
2804;4657174;;;;4641064;Підкладка;0;0
3478;4657203;;;;4625250;"Засоби для інтимної гігієни";0;0
2954;4657209;;;;4625250;Прокладки;0;0
3665;4657215;;;;4625250;Тампони;0;0
2882;4657221;;;;4625250;"Післяпологові труси";0;0
400;4657256;;;;2048732;"Бальзам для губ";0;0
1761;4657262;;;;2048732;"Крем для обличчя";0;0
1720;4657268;;;;2048732;"Косметична вода";0;0
3509;4657274;;;;2048732;"Засіб для вмивання";0;0
2649;4657280;;;;2048732;Патчі;0;0
3644;4657286;;;;2048732;"Сироватка для обличчя";0;0
1987;4657292;;;;2048732;"Олія для обличчя";0;0
2087;4657298;;;;2048732;"Міцелярна вода";0;0
3370;4657304;;;;2048732;"Скраб для обличчя";0;0
1979;4657310;;;;2048732;"Маска для обличчя";0;0
3800;4657316;;;;2048732;"Тонік для обличчя";0;0
3508;4657322;;;;2048732;"Засіб для росту вій та брів";0;0
2330;4657328;;;;2048732;"Набори по догляду за обличчям";0;0
320;4657334;;;;2048732;"Аксесуари по догляду за обличчям";0;0
780;4657340;;;;4625901;Гіроборди;0;0
782;4657346;;;;4625901;Гіроскутери;0;0
781;4657352;;;;4625901;Гіроролики;0;0
995;4657358;;;;4625901;Дрифт-карти;0;0
2120;4657364;;;;4625901;Моноколеса;0;0
4298;4657382;;;;4625901;Електросамокати;0;0
4299;4657388;;;;4625901;Електроскейти;0;0
304;4657400;;;;4625901;"Аксесуари для електротранспорту";0;0
5771;4657424;;;;4625901;Електромобілі;0;0
3950;4657466;;;;2324702;"Догляд за ногами";0;0
2326;4657472;;;;2324702;"Набори косметики для догляду";0;0
851;4657478;;;;2048742;"Дезодоранти і антиперспіранти";0;0
1762;4657484;;;;2048742;"Крем для тіла";0;0
1980;4657490;;;;2048742;"Маска для тіла";0;0
4325;4657496;;;;2048742;"Ефірна олія";0;0
1988;4657502;;;;2048742;"Олія для тіла";0;0
3371;4657508;;;;2048742;"Скраб для тіла";0;0
791;4657514;;;;2048742;Глина;0;0
3472;4657520;;;;2048742;"Спрей для тіла";0;0
321;4657526;;;;2048742;"Аксесуари по догляду за тілом";0;0
760;4657532;;;;2048742;"Гель для душа";0;0
2286;4657538;;;;2048742;Мило;0;0
2661;4657544;;;;2048742;"Піна для ванни";0;0
3421;4657550;;;;2048742;"Сіль для ванни";0;0
1967;4657561;;;;4657803;"Мансардні вікна";0;0
4603;4657572;;;;4629101;"ГРМ на мотоблок";0;0
4847;4657578;;;;4629101;"Колінвали і шатуни на мотоблок";0;0
5263;4657584;;;;4629101;"Прокладки на мотоблок";0;0
5391;4657590;;;;4629101;"Система запуску мотоблока";0;0
5525;4657596;;;;4629101;"Паливна система мотоблока";0;0
5675;4657608;;;;4629101;"Фільтри на мотоблок";0;0
5711;4657614;;;;4629101;"Циліндро-поршнева група мотоблока";0;0
4473;4657620;;;;4629101;"Блоки циліндрів на мотоблок";0;0
5359;4657632;;;;4629101;"Сальники на мотоблок";0;0
5556;4657638;;;;4629101;"Троси і ремені на мотоблок";0;0
4897;4657644;;;;4629101;"Корпуси і кришки на мотоблок";0;0
4587;4657650;;;;4629101;"Глушники на мотоблок";0;0
5308;4657656;;;;4629101;"Редуктори на мотоблок";0;0
1540;4657668;;;;4625614;"Козирки та навіси";0;0
3751;4657704;;;;4625614;"Технические окна";0;0
4168;4657710;;;;2048497;Шампунь;0;0
3624;4657716;;;;2048497;"Сухий шампунь";0;0
1651;4657722;;;;2048497;"Кондиціонер для волосся";0;0
1985;4657728;;;;2048497;"Олія для волосся";0;0
1978;4657734;;;;2048497;"Маска для волосся";0;0
700;4657740;;;;4674699;"Віск для волосся";0;0
759;4657746;;;;4674699;"Гель для волосся";0;0
1869;4657752;;;;4674699;"Лак для волосся";0;0
2283;4657758;;;;4674699;"Мус для волосся";0;0
340;4657764;;;;2048497;"Ампули для волосся";0;0
3643;4657770;;;;2048497;"Сироватка для волосся";0;0
4006;4657776;;;;2048497;"Флюїд для волосся";0;0
1760;4657782;;;;2048497;"Крем для волосся";0;0
3471;4657788;;;;2048497;"Спрей для волосся";0;0
3369;4657794;;;;2048497;"Скраб для шкіри голови";0;0
2329;4657800;;;;2048497;"Набори по догляду за волоссям";0;0
2519;4657803;;;;4639600;"Вікна і двері";0;0
2549;4657809;;;;4639424;Оргстекло;0;0
1776;4657815;;;;152458;Крісла;0;0
244;4657821;;;;4657815;"Аксесуари для крісел";0;0
757;4657827;;;;4657815;"Геймерські крісла";0;0
3008;4657833;;;;4657815;Пуфи;0;0
402;4657839;;;;4657815;Банкетки;0;0
555;4657842;;;;4625698;"Паперові шпалери";0;0
666;4657848;;;;4625698;"Вінілові шпалери";0;0
4002;4657854;;;;4625698;"Флізелінові шпалери";0;0
3687;4657860;;;;4625698;"Текстильні шпалери";0;0
2396;4657866;;;;4625698;"Натуральні шпалери";0;0
3525;4657872;;;;4625698;Склошпалери;0;0
204;4657878;;;;4625698;"Акрилові шпалери";0;0
4544;4657884;;;;4628474;"Воскові смужки";0;0
4916;4657890;;;;4628474;"Крем для депіляції";0;0
5046;4657896;;;;4628474;"Набори для шугарингу та депіляції";0;0
511;4657902;;;;4630370;"Біжутерні браслети";0;0
4117;4657908;;;;4630370;"Біжутерні ланцюжки";0;0
3294;4657914;;;;4630370;"Біжутерні сережки";0;0
1556;4657920;;;;4630370;"Біжутерні каблучки";0;0
559;4657926;;;;4630370;Бусы;0;0
1818;4657932;;;;4630370;"Біжутерні кулони та підвіски";0;0
2720;4657938;;;;4630370;"Біжутерний пірсінг";0;0
530;4657944;;;;4630370;"Біжутерні брошки";0;0
1552;4657950;;;;4630370;"Біжутерні кольє і намиста";0;0
4161;4657956;;;;4630370;"Біжутерні чокери і шнурки";0;0
2306;4657962;;;;4630370;"Набори біжутерії";0;0
2351;4657968;;;;4630335;"Накладні коміри";0;0
1715;4657974;;;;2324702;"Косметика для вагітних і мам";0;0
1115;4657980;;;;4672323;"Жіночі лижні костюми";0;0
2213;4657986;;;;4674073;"Чоловічі лижні костюми";0;0
2940;4658014;;;;4645624;"Пробковые полы";0;0
4958;4658020;;;;4630100;"Стрічкові системи зберігання даних";0;0
2465;4658026;;;;4639184;Гроубокси;0;0
3760;4658038;;;;4648476;"Тканини для домашнього текстилю";0;0
3339;4658044;;;;80106;"Системи вентиляції";0;0
4540;4658050;;;;4658044;Повітроводи;0;0
1595;4658056;;;;4658044;"Комплектуючі для вентиляції";0;0
4981;4658062;;;;4625841;Маркізи;0;0
3522;4658068;;;;4628124;Стедиками;0;0
2957;4658072;;;;4627851;"Промышленное швейное оборудование";0;0
3797;4658102;;;;4630542;"Товщиноміри фарби";0;0
2961;4658114;;;;4643520;"Просочення для дерева";0;0
2124;4658120;;;;4658114;"Морилка для дерева";0;0
1606;4658126;;;;4658132;"Комплектующие для пневматики";0;0
2772;4658132;;;;84625;"Пневматична зброя";0;0
1316;4658138;;;;2099087;"Зубна паста";0;0
1315;4658144;;;;2099087;"Зубна нитка";0;0
1317;4658150;;;;2099087;"Зубна щітка";0;0
1027;4658156;;;;2099087;"Йоржики для зубів";0;0
2525;4658162;;;;2099087;"Ополіскувач для рота";0;0
1318;4658174;;;;2099087;"Зубний порошок";0;0
3486;4658180;;;;2099087;"Засоби для відбілювання зубів";0;0
3946;4658186;;;;2099087;"Догляд за зубними протезами і брекетами";0;0
2331;4658198;;;;2099087;"Набори по догляду за порожниною рота";0;0
2053;4658222;;;;84625;"Метальна зброя";0;0
1894;4658228;;;;4655445;Риштовання;0;0
591;4658234;;;;4649262;"Вафельні напівфабрикати";0;0
4570;4658240;;;;2048602;Гель-лак;0;0
4936;4658246;;;;2048602;"Лак для нігтів";0;0
4439;4658252;;;;2048602;"База для нігтів";0;0
5523;4658258;;;;2048602;"Топ для нігтів";0;0
4622;4658264;;;;2048602;"Декор для нігтів";0;0
5323;4658270;;;;2048602;"Ремувер для кутикули";0;0
5599;4658276;;;;2048602;"Догляд за нігтями і кутикулою";0;0
5067;4658288;;;;2048602;"Нарощування нігтів";0;0
4704;4658300;;;;2048602;"Рідина для зняття лаку";0;0
1603;4658378;;;;4658222;"Комплектуючі для метальної зброї";0;0
2054;4658384;;;;4658222;"Метальні ножі";0;0
2996;4658390;;;;84625;"Кулі та патрони";0;0
2648;4658402;;;;4658390;"Патрони Флобера";0;0
4090;4658408;;;;4658390;"Холості патрони";0;0
4171;4658414;;;;4658390;"Кульки для рогатки";0;0
3572;4658420;;;;4658390;Стріли;0;0
2554;4658426;;;;84625;"Збройна оптика";0;0
3704;4658432;;;;4658426;Тепловізори;0;0
1661;4658438;;;;2048597;Консилер;0;0
4065;4658444;;;;2048597;Хайлайтер;0;0
2906;4658450;;;;2048597;"Праймер для обличчя";0;0
3799;4658456;;;;2048597;"Тональний засіб";0;0
100;4658462;;;;2048597;"BB-крем і CC-крем";0;0
2993;4658468;;;;2048597;Пудра;0;0
3131;4658474;;;;2048597;Рум'яна;0;0
3879;4658480;;;;2048492;"Туш для вій";0;0
1716;4658486;;;;2236222;"Косметика для брів";0;0
3699;4658492;;;;2048492;"Тіні для повік";0;0
1451;4658498;;;;2048492;"Олівець для очей";0;0
2793;4658504;;;;2048492;"Підводка для очей";0;0
1452;4658510;;;;2048592;"Олівець для губ";0;0
2873;4658516;;;;2048592;Помада;0;0
459;4658522;;;;2048592;"Блиск для губ";0;0
3755;4658528;;;;2048592;"Тінт для губ";0;0
2325;4658534;;;;2236222;"Набори декоративної косметики";0;0
3664;4658540;;;;84625;"Тактичне спорядження";0;0
1043;4658546;;;;2048522;"Жіноча парфумерія";0;0
2157;4658552;;;;2048522;"Чоловіча парфумерія";0;0
894;4658558;;;;2048522;"Дитяча парфумерія";0;0
379;4658570;;;;2048522;"Атомайзери для парфумів";0;0
3660;4658576;;;;83916;"Тактична медицина";0;0
267;4658582;;;;84625;"Аксесуари та догляд за зброєю";0;0
5446;4658647;;;;3512690;"Станок для гоління";0;0
4946;4658653;;;;3512690;"Лезо для бритви";0;0
5109;4658659;;;;3512690;"Небезпечна бритва";0;0
5217;4658665;;;;3512690;"Помазок для гоління";0;0
5041;4658671;;;;3512690;"Набори для гоління";0;0
4371;4658677;;;;3512690;"Аксесуари для гоління";0;0
5522;4658737;;;;4658950;"Тонувальні засоби";0;0
5694;4658743;;;;4658950;"Хна і басма";0;0
4911;4658749;;;;4658950;"Фарба для брів і вій";0;0
5123;4658755;;;;4658950;"Освітлювач для волосся";0;0
5107;4658761;;;;4658950;"Окислювач для волосся";0;0
5149;4658767;;;;4658950;"Перманентна завивка";0;0
5322;4658773;;;;4658950;"Ремувер для волосся";0;0
5246;4658779;;;;4658950;"Приладдя для фарбування та стрижки";0;0
1546;4658791;;;;2394287;Колекціонування;0;0
2117;4658797;;;;4658791;Монети;0;0
5129;4658803;;;;4658791;"Пам'ятні медалі";0;0
404;4658809;;;;4658791;"Банкноти та цінні папери";0;0
242;4658815;;;;4658791;"Зберігання та аксесуари";0;0
2591;4658827;;;;4656416;"Окуляри для водіїв";0;0
1398;4658845;;;;4670651;"Інтерактивні дошки";0;0
3898;4658851;;;;4652506;"Українські рушники";0;0
3590;4658857;;;;152458;Стільці;0;0
3657;4658863;;;;4658857;Табурети;0;0
407;4658869;;;;4658857;"Барні стільці";0;0
5270;4658875;;;;4644752;"Промислові плити";0;0
5334;4658881;;;;4655883;"Ростоміри медичні";0;0
5201;4658887;;;;4655883;"Підставки медичні";0;0
3740;4658899;;;;152460;"Тестери для води, повітря, ґрунту";0;0
2886;4658905;;;;4647966;"Посты охраны";0;0
5108;4658950;;;;4629305;"Фарбування волосся";0;0
1514;4658962;;;;4627851;"Клінінгове обладнання";0;0
2860;4658968;;;;4658962;"Машини для миття підлоги";0;0
2508;4658974;;;;4658962;"Однодискові машини";0;0
2758;4658992;;;;4625710;"Плитка для ванної";0;0
2760;4658998;;;;4625710;"Плитка для кухні";0;0
2759;4659004;;;;4625710;"Плитка для житлових приміщень";0;0
2761;4659010;;;;4625710;"Плитка для вулиці";0;0
2847;4659022;;;;90374;Полеты;0;0
323;4659028;;;;90374;"Активный отдых";0;0
12;4659034;;;;90374;"SPA и массаж";0;0
1826;4659040;;;;90374;"Культурный отдых";0;0
3680;4659046;;;;90374;Творчество;0;0
191;4659052;;;;90374;Акваразвлечения;0;0
28;4659058;;;;90374;Авто-драйв;0;0
4061;4659064;;;;753584;"Футляры для изделий";0;0
1670;4659072;;;;4629914;"Контролери заряду сонячних батарей";0;0
866;4659078;;;;4639424;"Декоративные покрытия";0;0
772;4659084;;;;4631949;Гідроізоляція;0;0
3129;4659090;;;;4659084;"Рулонна гідроізоляція";0;0
5526;4659091;;;;4629094;"Паливна система мотокіс";0;0
5712;4659098;;;;4629094;"Циліндро-поршнева група мотокіс";0;0
3634;4659105;;;;4629094;"Зчеплення мотокіс";0;0
5299;4659112;;;;4629094;"Витратні матеріали для мотокіс";0;0
5389;4659119;;;;4629094;"Система запалювання мотокіс";0;0
5673;4659126;;;;4629094;"Фільтри для мотокіс";0;0
5307;4659133;;;;4629094;"Редуктори і вали для мотокіс";0;0
3092;4659140;;;;4629094;"Ремені для мотокіс";0;0
847;4659147;;;;4629094;"Двигуни для мотокіс";0;0
4899;4659154;;;;4629094;"Корпусні частини мотокіс";0;0
5528;4659161;;;;4629087;"Паливна система ланцюгових пилок";0;0
5713;4659168;;;;4629087;"Циліндро-поршнева група ланцюгових пилок";0;0
5674;4659175;;;;4629087;"Фільтри для ланцюгових пил";0;0
5390;4659182;;;;4629087;"Система запалювання ланцюгової пилки";0;0
5473;4659189;;;;4629087;"Зчеплення для ланцюгових пил";0;0
5300;4659196;;;;4629087;"Витратні матеріали для ланцюгових пил";0;0
4900;4659203;;;;4629087;"Корпусні частини ланцюгових пилок";0;0
5536;4659210;;;;4629087;"Гальмівна система ланцюгових пилок";0;0
4051;4659231;;;;230134;"Фурнітура та комплектуючі для освітлення";0;0
1792;4659239;;;;4641720;"Великогабаритні контейнери";0;0
269;4659246;;;;4660587;"Аксесуари для окулярів віртуальної реальності";0;0
4070;4659254;;;;4627851;"Хімічна сировина";0;0
4672;4659261;;;;4659254;"Добавки для харчової промисловості";0;0
5264;4659268;;;;4659254;"Промислова хімія";0;0
1814;4659275;;;;753649;"Кулоны для животных";0;0
844;4659282;;;;4652828;"Дверні коробки";0;0
838;4659289;;;;230134;"Датчики освітлення";0;0
836;4659296;;;;4659289;"Датчики руху";0;0
3605;4659303;;;;4659289;"Сутінкові датчики";0;0
3837;4659310;;;;4659324;"Трекові і струнні системи";0;0
3836;4659324;;;;230134;"Трекове освітлення";0;0
294;4659331;;;;4659324;"Аксесуари для трекових світильників";0;0
1401;4659338;;;;4643064;"Інтерактивні панелі";0;0
975;4659345;;;;4643064;Документ-камери;0;0
1400;4659352;;;;4643064;"Інтерактивні модулі";0;0
2816;4659359;;;;4643064;"Підставки для інтерактивних дощок";0;0
1548;4659366;;;;4643064;"Колонки для интерактивных досок";0;0
1657;4659372;;;;81203;"Кінний спорт";0;0
5375;4659379;;;;4659372;Сідла;0;0
4868;4659386;;;;4659372;"Комплектуючі сідла";0;0
4758;4659393;;;;4659372;"Захист ніг коня";0;0
4694;4659400;;;;4659372;"Залізо для коней";0;0
4759;4659407;;;;4659372;"Захист спини коня";0;0
5074;4659414;;;;4659372;"Недоуздки і чумбур";0;0
5571;4659421;;;;4659372;"Вуздечки і наголов'я";0;0
5566;4659428;;;;4659372;"Турнірні аксесуари коня";0;0
5598;4659435;;;;4659372;"Догляд за амуніцією";0;0
5789;4659442;;;;4659372;"Ящики й сумки для амуніції";0;0
5761;4659449;;;;4659372;"Екіпірування вершника";0;0
4774;4659456;;;;4659372;"Інвентар для стайні";0;0
2951;4659470;;;;230134;Прожектори;0;0
3900;4659477;;;;1162030;Прикраси;0;0
991;4659484;;;;4659477;"Дорогоцінне каміння";0;0
2588;4659491;;;;2659527;"Очисники для автомобіля";0;0
3816;4659498;;;;4675938;"Гальмівні рідини";0;0
2933;4659505;;;;1527297;Присадки;0;0
1193;4659512;;;;2659527;"Жидкости для гидроусилителя руля";0;0
3051;4659519;;;;4675944;"Розчинники для фарби";0;0
766;4659526;;;;2659527;"Герметики автомобільні";0;0
1192;4659533;;;;4675938;"Рідини для акумуляторів";0;0
1194;4659540;;;;4675938;"Рідини для склоомивачів";0;0
2586;4659547;;;;4675938;"Охолоджувальні рідини";0;0
2962;4659554;;;;4675938;"Просочення повітряних фільтрів";0;0
3388;4659561;;;;1527297;"Олії та мастила автомобільні";0;0
181;4659568;;;;4627858;"Автохімія, рідини та оливи";0;0
2137;4659575;;;;1527297;"Моторні оливи";0;0
3828;4659582;;;;1527297;"Трансмісійні оливи";0;0
770;4659589;;;;1527297;"Гідравлічні оливи";0;0
2955;4659596;;;;1527297;"Промивні оливи";0;0
3923;4659603;;;;1527297;"Универсальные масла";0;0
662;4659610;;;;1527297;"Вилкові оливи";0;0
1378;4659617;;;;1527297;"Індустріальні оливи";0;0
1637;4659624;;;;1527297;"Компресорні оливи";0;0
4115;4659631;;;;1527297;"Ланцюгові оливи";0;0
184;4659638;;;;279061;Автошампуні;0;0
3489;4659645;;;;279061;"Засоби для скла";0;0
3488;4659652;;;;279061;"Засоби для салону";0;0
3948;4659659;;;;2659527;"Догляд за кондиціонером автомобіля";0;0
3480;4659666;;;;279061;"Засоби для кузова";0;0
3479;4659673;;;;279061;"Засоби для коліс";0;0
3476;4659680;;;;279061;"Засоби для миття двигуна";0;0
945;4659696;;;;4636711;"Джинсові куртки для дівчат";0;0
4825;4659705;;;;2048527;"Пензлі для макіяжу";0;0
5160;4659712;;;;2048527;"Пінцет для брів";0;0
5429;4659719;;;;2048527;Спонж;0;0
4781;4659726;;;;2048732;"Інструменти для чищення обличчя та вух";0;0
5759;4659733;;;;2048527;"Щипці для завивки вій";0;0
5061;4659747;;;;2048492;"Накладні вії";0;0
5116;4659754;;;;2236222;"Органайзер для косметики";0;0
3940;4659755;;;;4630262;"Послуги типографії";0;0
2696;4659762;;;;4659755;"Друк на одязі";0;0
2695;4659769;;;;4632905;"Печать визиток";0;0
2405;4659789;;;;4638583;"Нікотинові подушечки";0;0
337;4659796;;;;267255;"Алюмінієві ферми";0;0
3293;4659803;;;;90374;"Сертификаты Rozetka";0;0
4045;4659810;;;;4633393;"Фурнітура для душових кабін і боксів";0;0
1465;4659817;;;;124813;"Картриджи для смесителей";0;0
1963;4659824;;;;4625256;Манекени;0;0
1859;4659853;;;;4644896;"Лабораторные дистиляторы";0;0
1858;4659859;;;;4644896;"Лабораторные бани";0;0
1861;4659865;;;;4644896;"Лабораторные термостаты";0;0
1863;4659871;;;;4644896;"Лабораторные центрифуги";0;0
5230;4659873;;;;2048602;"Праймер для нігтів";0;0
5450;4659880;;;;2048602;"Стартовий набір для манікюру";0;0
1635;4659887;;;;4628719;"Компресійний трикотаж";0;0
2173;4659901;;;;4634809;"Мужские валенки";0;0
2258;4659908;;;;4634809;"Мужские унты";0;0
2964;4659915;;;;4648572;"Автобафери та проставки";0;0
4305;4659922;;;;4656398;"Елементи автотюнінгу";0;0
444;4659936;;;;4648950;"Паливо для котлів";0;0
5453;4659957;;;;4648752;"Стінки у вітальню";0;0
2583;4659971;;;;4658857;"Офісні стільці";0;0
5680;4659985;;;;4656404;Фліпери;0;0
3792;4659992;;;;4627851;"Токени і смарт карти";0;0
120;4659999;;;;1162030;"Fashion Top Brands";0;0
121;4659999;;;;1162030;"Fashion Top Brands";0;0
119;4659999;;;;1162030;Premiumbrands;0;0
3117;4660006;;;;4625841;Рольвіконниці;0;0
541;4660013;;;;80260;"Букети з цукерок";0;0
3649;4660020;;;;4645472;"Сыры с плесенью";0;0
2089;4660027;;;;80260;"Ведмедики з троянд";0;0
3274;4660034;;;;4630262;"Сервісне обслуговування техніки";0;0
5588;4660041;;;;4630262;"Послуги з організації свят";0;0
5253;4660048;;;;4660041;"Проведення салютів";0;0
5587;4660055;;;;4660041;"Послуги ведучих";0;0
4902;4660083;;;;3512690;"Косметика для гоління";0;0
819;4660097;;;;273291;"Гучний зв'язок в авто";0;0
3085;4660104;;;;80257;Рекордеры;0;0
762;4660139;;;;435969;"Генератори білого шуму";0;0
2568;4660146;;;;4647950;"Остановки общественного транспорта";0;0
3470;4660153;;;;80019;"Справочно-правовые системы";0;0
1964;4660167;;;;4658540;"Манки для охоты";0;0
2408;4660174;;;;80262;"Новая кат";0;0
1710;4660181;;;;4629101;"Корпусні елементи на мотоблок";0;0
4286;4660188;;;;2577232;"Електромонтажний інструмент";0;0
1418;4660195;;;;4660188;Кабелерізи;0;0
1777;4660202;;;;4660188;Кримпери;0;0
1788;4660209;;;;4660188;Круглогубці;0;0
3573;4660216;;;;4660188;Стрипери;0;0
4380;4660230;;;;4658962;"Аксесуари для клінінгового обладнання";0;0
5169;4660237;;;;4625710;"Плитка мозаїка";0;0
5769;4660244;;;;2577232;Електроінструмент;0;0
4817;4660251;;;;86167;Каяки;0;0
4513;4660258;;;;259632;Відеовічки;0;0
4967;4660265;;;;3423154;"Ломи і монтування";0;0
4715;4660272;;;;3423154;Заклепники;0;0
5472;4660279;;;;4643632;"Схеми для вишивки бісером";0;0
5036;4660286;;;;4643632;Муліне;0;0
4707;4660293;;;;4643632;"Заготовки вишиванок";0;0
4708;4660300;;;;4643632;"Заготовки рушників";0;0
5250;4660307;;;;4648566;Причепи;0;0
4944;4660314;;;;4660307;"Легкові причепи";0;0
5155;4660321;;;;4632905;"Друк флаєрів і листівок";0;0
5000;4660335;;;;4639424;"Мішки будівельні";0;0
4354;4660349;;;;4627851;"Автомати для вендінгу";0;0
5749;4660356;;;;4639496;Шпон;0;0
5751;4660370;;;;4660356;"Шпон Файн лайн";0;0
5750;4660398;;;;4660356;"Шпоновані плити";0;0
4906;4660412;;;;3512690;"Косметика після гоління";0;0
5706;4660419;;;;2394287;"Церковне начиння";0;0
5554;4660433;;;;435969;Тримери;0;0
4780;4660440;;;;2048602;"Інструменти для манікюру";0;0
4978;4660447;;;;4660440;"Манікюрні ножиці";0;0
5158;4660454;;;;4660440;"Пилка для нігтів";0;0
4930;4660461;;;;4660440;"Кусачки для нігтів";0;0
4826;4660468;;;;4660440;"Пензлики для манікюру";0;0
4979;4660475;;;;4660440;"Манікюрний набір";0;0
4968;4660482;;;;4660440;"Лопатки для манікюру";0;0
5721;4660489;;;;4660440;"Чохли для манікюрних інструментів";0;0
5143;4660496;;;;4660440;Пемза;0;0
5447;4660510;;;;4660440;"Станок для педикюру";0;0
4375;4660517;;;;4629305;"Аксесуари для волосся";0;0
5303;4660524;;;;4660517;Гребінці;0;0
5310;4660531;;;;4660517;"Гумки для волосся";0;0
4450;4660538;;;;4660517;"Банти для волосся";0;0
4716;4660545;;;;4660517;"Шпильки для волосся";0;0
4498;4660552;;;;4660517;"Валики для волосся";0;0
4465;4660559;;;;4660517;Бігуді;0;0
5189;4660566;;;;4660517;"Пов'язки для волосся";0;0
5098;4660573;;;;4660517;"Обручі для волосся";0;0
5083;4660580;;;;4660517;"Ножиці для стрижки";0;0
5087;4660587;;;;4627949;"Носимі гаджети";0;0
5072;4660594;;;;4627949;"Навушники та аксесуари";0;0
5255;4660608;;;;4624997;"Продовольчі набори";0;0
5215;4660633;;;;4624997;Напівфабрикати;0;0
4834;4662583;;;;4673728;"Клей для підлогових покриттів";0;0
5173;4663171;;;;4628117;Пломби;0;0
5697;4663189;;;;4394353;;0;0
5040;4663207;;;;2586292;"Набори дитячого харчування";0;0
5399;4663213;;;;3803561;"Системи прокладання кабелю";0;0
4970;4663219;;;;4663213;"Лотки для кабелю";0;0
4461;4663273;;;;4660440;"Безворсові серветки";0;0
5266;4667317;;;;80121;"Промислові вакуумні пакувальники";0;0
5764;4667713;;;;4628348;"Електроакустичні гітари";0;0
4625;4667725;;;;4629305;Дерматокосметика;0;0
5438;4668073;;;;4629305;"Засоби захисту від вірусів";0;0
5097;4668133;;;;161187;"Обладнання для усунення запаху та дезінфекції";0;0
5094;4668163;;;;80254;"Обладнання для конференцій і відеоконференцій";0;0
5717;4668175;;;;1230990;"Чепчики і царапки для малюків";0;0
4875;4668181;;;;4637023;"Комплекти для дівчаток";0;0
4821;4668187;;;;4636719;"Кігурумі для дівчаток";0;0
5211;4668199;;;;4636815;"Рушники-пончо для дівчаток";0;0
5078;4668205;;;;1285573;"Спідня білизна для дівчаток";0;0
5561;4668211;;;;4668205;"Труси для дівчаток";0;0
4975;4668217;;;;4668205;"Майки білизняні для дівчаток";0;0
5533;4668223;;;;4668205;"Топи і бюстгальтери для дівчаток";0;0
4822;4668229;;;;4636591;"Кігурумі для хлопчиків";0;0
5165;4668235;;;;1290392;"Плавки і пляжний одяг для хлопчиків";0;0
5102;4668247;;;;4668235;"Одяг для купання для хлопчиків";0;0
5212;4668253;;;;4668235;"Рушники-пончо для хлопчиків";0;0
5079;4668259;;;;1290392;"Спідня білизна для хлопчиків";0;0
5562;4668265;;;;4668259;"Труси для хлопчиків";0;0
4976;4668271;;;;4668259;"Майки білизняні для хлопчиків";0;0
4872;4668277;;;;4668259;"Комплекти білизни для хлопчиків";0;0
4871;4668283;;;;4668205;"Комплекти білизни для дівчаток";0;0
4876;4668289;;;;4636631;"Комплекти для хлопчиків";0;0
5464;4668295;;;;4639424;"Будівельні сітки та склополотно";0;0
5451;4668301;;;;4668295;Склосітка;0;0
5452;4668307;;;;4668295;Склополотно;0;0
5383;4668313;;;;4668295;"Сітка зварна";0;0
4964;4668367;;;;4628989;"Лінзи для окулярів";0;0
4855;4668373;;;;80261;"Комплектувальні для геймерів";0;0
4349;4668379;;;;80261;"Playstation Store";0;0
4767;4668385;;;;80261;"Ігрова периферія";0;0
4434;4668391;;;;80261;"Атрибутика й сувеніри для геймерів";0;0
4416;4668421;;;;284865;"Акустичні піаніно";0;0
4417;4668427;;;;284865;"Акустичні роялі";0;0
4475;4668529;;;;4636599;"Боді для хлопчиків";0;0
4831;4668535;;;;4636623;"Класичні костюми для хлопчиків";0;0
5586;4668553;;;;4630262;"Послуги Fashion";0;0
5326;4668559;;;;4652828;"Грати на вікна";0;0
5059;4668589;;;;4656404;"Накладки на дверні ручки";0;0
5167;4668607;;;;4625256;"Платіжні термінали";0;0
5518;4668703;;;;1285573;"Толстовки та світшоти для дівчаток";0;0
5519;4668709;;;;1290392;"Толстовки і світшоти для хлопчиків";0;0
4776;4668739;;;;4656464;"Інструмент для наклеювання плівки";0;0
4511;4668745;;;;4626599;Шинковар;0;0
4805;4668751;;;;4034476;"Картини за номерами";0;0
4660;4668757;;;;80100;Динаміки;0;0
5209;4668769;;;;4632905;"Поліграфічні матеріали";0;0
4487;4668781;;;;4668769;"Папір і картон для поліграфії";0;0
4478;4668787;;;;4626514;Болти;0;0
4564;4668793;;;;4626514;Гайки;0;0
4516;4668799;;;;4626514;Гвинти;0;0
4569;4668805;;;;4626514;Цвяхи;0;0
4689;4668811;;;;4626514;Дюбелі;0;0
4714;4668817;;;;4626514;Заклепки;0;0
5361;4668823;;;;4626514;Саморізи;0;0
5700;4668829;;;;4626514;Хомути;0;0
5725;4668835;;;;4626514;Шайби;0;0
5758;4668841;;;;4626514;Шурупи;0;0
5569;4668847;;;;4626514;"Кути кріпильні";0;0
5349;4668853;;;;4660244;"Шабельні пили";0;0
5545;4668859;;;;4660244;"Торцювальні пили";0;0
4661;4668865;;;;2798782;"Динамометричні ключі";0;0
4851;4668871;;;;2798782;"Комбіновані ключі";0;0
5058;4668877;;;;2798782;"Накидні ключі";0;0
5291;4668883;;;;2798782;"Розвідні ключі";0;0
5328;4668889;;;;2798782;"Ріжкові ключі";0;0
5544;4668895;;;;2798782;"Торцеві ключі";0;0
4562;4668901;;;;2798782;"Газові і трубні ключі";0;0
4772;4668907;;;;2798782;"Імбусові ключі";0;0
5553;4668913;;;;2798782;"Тріскачні ключі";0;0
4543;4668919;;;;2798782;Воротки;0;0
5744;4668925;;;;2798782;"Шліцьові ключі";0;0
5543;4668931;;;;3510436;"Торцеві головки";0;0
4445;4668937;;;;4654223;"Балонні ключі";0;0
4839;4668943;;;;2798782;"Ключі розрізні";0;0
5374;4668949;;;;4654223;"Свічкові ключі";0;0
5475;4668955;;;;4654223;Знімачі;0;0
4778;4668961;;;;4654223;"Інструмент для змащувальних матеріалів";0;0
4989;4668967;;;;239221;"Матеріали для виготовлення ножів";0;0
4990;4668973;;;;4668967;"Матеріали для ручок";0;0
5468;4668979;;;;4668967;"Стяжки для ножів";0;0
4479;4668985;;;;4668967;"Больстери, оковки і тильники для ножів";0;0
5161;4668991;;;;4668967;"Піни для ручок";0;0
4838;4668997;;;;4668967;"Клинки і заготовки для ножів";0;0
5777;4669009;;;;435964;"Електросушарки для білизни";0;0
5444;4669027;;;;4034476;Стакани-непроливайки;0;0
5016;4669033;;;;3423154;"Монтажні пістолети";0;0
5224;4669195;;;;435969;"Постільна білизна з підігрівом";0;0
5705;4669201;;;;4629087;"Ланцюги та шини для ланцюгових пил";0;0
5773;4669207;;;;4669195;Електроковдри;0;0
5766;4669213;;;;4669195;Електрогрілки;0;0
5665;4669219;;;;4627851;"Фасувальні дозатори";0;0
4779;4669225;;;;152460;"Інструменти для аерографії";0;0
4347;4669231;;;;4654510;"GPS трекери";0;0
4565;4669237;;;;4660244;Гайковерти;0;0
5774;4669243;;;;4660244;Електровикрутки;0;0
5057;4669249;;;;81499;"Наземні дрони";0;0
5093;4669255;;;;4628117;"Обладнання RFID";0;0
5400;4669261;;;;132895;Скакалки;0;0
5782;4669267;;;;132895;Еспандери;0;0
5679;4669273;;;;132895;"Фітнес м'ячі";0;0
5331;4669285;;;;132895;"Ролики для преса";0;0
5678;4669291;;;;132895;"Фітнес джампери";0;0
5597;4669297;;;;132895;Обважнювачі;0;0
4666;4669303;;;;132895;"Диски здоров'я";0;0
5455;4669315;;;;132895;"Степ платформи";0;0
5433;4669321;;;;132895;"Спортивні мати";0;0
4598;4669327;;;;132895;"Гравітаційні черевики";0;0
4973;4669333;;;;132895;"Лямки, гачки, накладки";0;0
5432;4669339;;;;132895;"Спортивні канати";0;0
5151;4669345;;;;132895;"Петлі TRX";0;0
5431;4669351;;;;132895;"Спортивна магнезія";0;0
4982;4669357;;;;132895;"Маски для тренувань";0;0
4850;4669363;;;;132895;"Кільця для пілатесу";0;0
4582;4669369;;;;132895;"Гімнастичні палиці";0;0
4442;4669375;;;;132895;"Балансувальні платформи";0;0
5582;4669381;;;;132895;"Упори для віджимань";0;0
4999;4669387;;;;132895;"Мішки для кросфіту";0;0
5103;4669393;;;;132895;"Одяг для схуднення";0;0
4424;4669399;;;;80015;Антени;0;0
5324;4669405;;;;80015;Ресивери;0;0
4692;4669429;;;;2048742;"Ємності для подорожей";0;0
5018;4669435;;;;435974;Морозивниці;0;0
5042;4669441;;;;4639192;"Набори для вирощування мікрозелені";0;0
4600;4669447;;;;4624900;"Гребні тренажери";0;0
5731;4669489;;;;4652247;Швензи;0;0
5081;4669495;;;;4652247;"Нитки і шнури";0;0
5193;4669603;;;;80260;"Подарункові набори";0;0
5784;4669651;;;;723119;"Ювелірні сережки для пірсингу";0;0
4485;4669657;;;;723119;Брошки;0;0
4719;4669663;;;;723119;Запонки;0;0
4712;4669669;;;;723119;"Затискачі для краватки";0;0
4486;4669675;;;;723119;Булавки;0;0
5066;4669687;;;;2798792;"Напилки та рашпілі";0;0
5082;4669693;;;;2798792;"Ножі будівельні";0;0
5085;4669699;;;;2798792;Ножівки;0;0
5445;4669705;;;;2798792;Стамески;0;0
5467;4669711;;;;2798792;Стусло;0;0
5559;4669717;;;;2798792;"Труборізи та ножиці для різання труб";0;0
5213;4669723;;;;2798792;"Полотна та леза";0;0
5335;4669729;;;;2798792;"Рубанки ручні";0;0
5708;4669735;;;;2798792;Цикли;0;0
4653;4669753;;;;4633561;"Дитячі шапки, шарфи, рукавички";0;0
4652;4669759;;;;4669753;"Дитячі шапки";0;0
4634;4669765;;;;4669753;"Дитячі кепки і бейсболки";0;0
4640;4669771;;;;4669753;"Дитячі панами і капелюхи";0;0
4644;4669777;;;;4669753;"Дитячі пов'язки і косинки";0;0
4654;4669783;;;;4669753;"Дитячі шарфи і манишки";0;0
4637;4669789;;;;4669753;"Дитячі хутряні навушники";0;0
4635;4669795;;;;4669753;"Дитячі комплекти головних уборів";0;0
4629;4669801;;;;4669753;"Дитячі рукавиці і рукавички";0;0
4476;4670005;;;;2798772;Бокорізи;0;0
4477;4670011;;;;2798772;Болторізи;0;0
5174;4670017;;;;2798772;"Плоскогубці, щипці";0;0
4837;4670023;;;;2798772;Кліщі;0;0
4929;4670029;;;;2798772;Кусачки;0;0
5051;4670035;;;;2798772;"Набори шарнірно-губцевих інструментів";0;0
5084;4670041;;;;2798772;"Ножиці по металу";0;0
5272;4670047;;;;2798772;Просікач;0;0
5403;4670053;;;;4640904;Скіналі;0;0
5746;4670059;;;;4655222;"Шнекові навантажувачі";0;0
5153;4670066;;;;4659755;"Друк на сувенірній продукції";0;0
5120;4670071;;;;4648686;"Ортопедичні товари";0;0
5118;4670076;;;;4670071;"Ортопедичні корсети";0;0
4901;4670081;;;;4670071;"Коректори постави (Реклінатори)";0;0
5117;4670086;;;;4670071;"Ортопедичне взуття";0;0
4823;4670091;;;;4670071;"Кінезіо тейпи";0;0
4367;4670096;;;;4644128;"Аксесуари для акумуляторів";0;0
4467;4670126;;;;4624907;Бинти;0;0
4883;4670136;;;;4640752;Конвеєри;0;0
5099;4670141;;;;4629564;Оверлоки;0;0
4561;4670146;;;;4629564;"Вишивальні машини";0;0
5271;4670156;;;;3510436;"Промислові ланцюги";0;0
4576;4670466;;;;4656588;"Гідравлічні насоси та комплектувальні";0;0
5106;4670471;;;;80079;Озонатори;0;0
5014;4670476;;;;4639424;"Монтажні стрічки";0;0
4793;4670481;;;;4663213;Кабель-канали;0;0
5278;4670601;;;;80121;"Професійна холодильна техніка";0;0
5699;4670606;;;;4670601;"Холодильні машини і установки";0;0
5268;4670611;;;;4670601;"Промислові морозильні ларі";0;0
4613;4670616;;;;4670601;"Двері холодильних камер";0;0
5223;4670621;;;;2336782;Портупеї;0;0
4403;4670626;;;;152563;"Аксесуари та супутні товари для зварювального устаткування";0;0
4563;4670631;;;;152563;"Устаткування для газового зварювання";0;0
5367;4670636;;;;152563;"Зварювальні маски та окуляри";0;0
5366;4670641;;;;152563;"Зварювальні апарати";0;0
4394;4670646;;;;4630220;"Аксесуари для сонцезахисних окулярів";0;0
5259;4670651;;;;4627949;"Проекційне обладнання";0;0
4918;4670656;;;;4670651;"Кріплення для проекторів";0;0
4935;4670661;;;;4670651;"Лазерні указки";0;0
4940;4670666;;;;4670651;"Лампи для проекторів";0;0
4771;4670671;;;;80261;"Ігри по жанрам";0;0
4993;4670676;;;;152458;"Меблі для саду та дачі";0;0
5352;4670681;;;;4670676;"Садові та пляжні парасолі";0;0
5203;4670686;;;;4670676;"Подушки та матраци для садових меблів";0;0
4390;4670691;;;;80256;"Аксесуари для ПК і ноутбуків";0;0
5690;4670696;;;;4670691;"Хаби і кардридери";0;0
4360;4670701;;;;4670691;"Адаптери і контролери";0;0
4381;4670706;;;;4670691;"Аксесуари для корпусів ПК і ноутбуків";0;0
4804;4670711;;;;4670691;"Кишені і док-станції для жорстких дисків";0;0
5720;4670716;;;;4670691;"Чохли для жорстких дисків";0;0
4658;4670721;;;;4670691;"Діагностика та ремонт ПК";0;0
4444;4670726;;;;4624900;"Балетні станки";0;0
5404;4670731;;;;306949;Скрипки;0;0
5776;4670736;;;;306949;Електроскрипки;0;0
4517;4670741;;;;306949;Віолончелі;0;0
4420;4670746;;;;306949;Альти;0;0
4891;4670751;;;;306949;Контрабаси;0;0
5593;4671251;;;;4660034;"Встановлення і монтаж ПТ";0;0
5685;4671271;;;;4628772;Фотозони;0;0
4542;4671276;;;;4628772;"Повітряні кульки";0;0
4488;4671281;;;;4628772;"Паперові гірлянди";0;0
5228;4671286;;;;4628772;"Святкові дудки і сурми";0;0
5701;4671296;;;;4628772;"Кольоровий дим";0;0
5218;4671306;;;;4628772;Помпони;0;0
5227;4671311;;;;4628772;"Святкові декорації";0;0
5229;4671316;;;;4628772;"Святкові прикраси";0;0
4489;4671321;;;;4628772;"Паперові ліхтарики";0;0
5162;4671326;;;;4628772;Піньяти;0;0
4490;4671331;;;;4652506;Бутон'єрки;0;0
5364;4671336;;;;4652506;"Весільні монограми";0;0
5049;4671341;;;;4652506;"Набори весільних аксесуарів";0;0
4435;4671346;;;;297931;Аудіоінтерфейси;0;0
4437;4671521;;;;4627949;Аудіотехніка;0;0
4589;4671526;;;;80260;Головоломки;0;0
5222;4671531;;;;80100;"Портативні колонки";0;0
4882;4671536;;;;80100;"Комп'ютерні колонки";0;0
5457;4671541;;;;152458;Столи;0;0
4679;4671621;;;;4630220;"Дорожні аксесуари";0;0
5348;4671626;;;;80100;Сабвуфери;0;0
4763;4671636;;;;4631949;Звукоізоляція;0;0
5412;4671641;;;;4650580;"Зміна СІМ-карти";0;0
5411;4671646;;;;4660587;Смарт-кільця;0;0
4358;4671661;;;;4625304;Агроволокно;0;0
4992;4671666;;;;152458;"Меблі для передпокою і гардеробної";0;0
4808;4671726;;;;81224;"Картриджі лазерні";0;0
4810;4671731;;;;81224;"Картриджі струменеві";0;0
4809;4671736;;;;81224;"Картриджі матричні";0;0
5422;4671741;;;;81224;"СПБЧ і ПЗК";0;0
5719;4671746;;;;81224;Чорнила;0;0
5302;4671751;;;;4672483;"Витратні матеріали до ЗD пристроїв";0;0
5520;4671756;;;;81224;Тонери;0;0
4988;4671761;;;;81224;"Матеріали для ламінування";0;0
5684;4671766;;;;81224;Фотопапір;0;0
4683;4671771;;;;81224;"Драм-картриджі, фотобарабани";0;0
5509;4671776;;;;81224;Термоплівка;0;0
4862;4671781;;;;81224;"Комплектуючі та аксесуари для друкувальних пристроїв";0;0
4794;4671941;;;;86167;Кайтсерфінг;0;0
5722;4671986;;;;152458;"Чохли для меблів";0;0
5762;4671996;;;;80260;Екокуби;0;0
5515;4671998;;;;4628719;"Товари для медичних закладів";0;0
4659;4672003;;;;4671998;"Діагностичне медичне обладнання";0;0
4803;4672008;;;;4671998;"Кардіологічне устаткування";0;0
5692;4672013;;;;4671998;"Хірургічне обладнання";0;0
4787;4672018;;;;4671998;"Інфузійні прилади";0;0
5459;4672023;;;;4671998;"Стоматологічне обладнання";0;0
5368;4672033;;;;4671998;"Світильники хірургічні";0;0
4431;4672038;;;;4671998;"Апарати для фізіотерапії";0;0
4440;4672043;;;;81230;"Бактерицидні опромінювачі";0;0
5281;4672048;;;;81230;Пульсоксиметри;0;0
4608;4672053;;;;81230;"Дарсонваль і насадки";0;0
4591;4672058;;;;81230;"Голосоутворювальні апарати";0;0
5440;4672063;;;;81230;"Засоби від хропіння";0;0
4430;4672068;;;;81230;"Апарати для дихання і кисневої терапії";0;0
4677;4672073;;;;81230;Доплери;0;0
5756;4672148;;;;4655445;"Штукатурні станції";0;0
4411;4672153;;;;435964;"Аксесуари для товарів для догляду за будинком і одягом";0;0
4741;4672158;;;;4672153;"Запчастини для прасок";0;0
5555;4672163;;;;4648686;Палиці;0;0
5695;4672168;;;;4648686;"Ходунки для дорослих";0;0
5343;4672173;;;;4624997;"Риба та морепродукти";0;0
4455;4672178;;;;4639480;"Бар'єри безпеки";0;0
4607;4672183;;;;2798747;Далекоміри;0;0
5037;4672188;;;;2798747;Мультиметри;0;0
4520;4672193;;;;2798747;Вологоміри;0;0
5164;4672198;;;;2798747;Пірометри;0;0
5325;4672203;;;;2798747;Рефрактометри;0;0
5513;4672208;;;;2798747;"Тестери кабельні";0;0
4775;4672218;;;;2798747;Індикатори;0;0
5757;4672223;;;;2798747;Шумоміри;0;0
4972;4672228;;;;2798747;Люксметри;0;0
4628;4672233;;;;2798747;"Детектори напруги та фазометри";0;0
4961;4672238;;;;2798747;"Лінійки будівельні";0;0
5293;4672243;;;;2798747;"Розмічувальний інструмент";0;0
5077;4672248;;;;2798747;Нівеліри;0;0
5755;4672253;;;;2798747;"Штативи і рейки";0;0
5339;4672258;;;;2798747;Рулетки;0;0
5568;4672263;;;;2798747;Кутоміри;0;0
5570;4672268;;;;2798747;Косинці;0;0
5583;4672273;;;;2798747;"Рівні будівельні";0;0
5724;4672278;;;;2798747;"Шаблони будівельні";0;0
5753;4672288;;;;2798747;"Штангенциркулі і мікрометри";0;0
4351;4672293;;;;80106;"SPA басейни";0;0
4369;4672298;;;;4653619;"Аксесуари для басейнів";0;0
4700;4672303;;;;4637535;"Жіночі шуби і дублянки";0;0
4701;4672308;;;;4672303;"Жіночі еко шуби";0;0
4699;4672313;;;;4672303;"Жіночі хутряні жилетки";0;0
4695;4672323;;;;1162060;"Жіночий гірськолижний одяг";0;0
5654;4672328;;;;83850;"Знижені в ціні товари для реабілітації та людей з інвалідністю";0;0
5132;4672333;;;;4648134;"Панно та барельєфи";0;0
4698;4672373;;;;4672323;"Жіночі лижні куртки";0;0
4697;4672378;;;;4672323;"Жіночі лижні комбінезони";0;0
5273;4672388;;;;169823;Простирадла;0;0
5510;4672393;;;;200643;Терморегулятори;0;0
5055;4672398;;;;200643;"Нагрівальні кабелі";0;0
5056;4672403;;;;200643;"Нагрівальні мати";0;0
4786;4672408;;;;200643;"Інфрачервона тепла підлога";0;0
4861;4672413;;;;200643;"Комплектуючі для теплої підлоги";0;0
4842;4672418;;;;200643;"Килимки з підігрівом";0;0
4785;4672423;;;;4627851;"Інформаційно-рекламне обладнання";0;0
4378;4672438;;;;80185;"Аксесуари для духових шаф";0;0
4374;4672443;;;;80185;"Аксесуари для варильних поверхонь";0;0
4383;4672448;;;;80185;"Аксесуари для кухонних витяжок";0;0
4691;4672458;;;;4626614;"Ємності для олії або оцту";0;0
4597;4672463;;;;4641696;"Гравірувальні верстати";0;0
5382;4672468;;;;80263;"Сенсорні рукавички";0;0
5410;4672473;;;;80263;Смарт-брелоки;0;0
5260;4672478;;;;297931;"Програвачі вінілу та аксесуари";0;0
4344;4672483;;;;80254;"3D пристрої та аксесуари";0;0
4748;4672493;;;;4672483;"Запчастини і комплектуючі до 3D пристроїв";0;0
5476;4672498;;;;152462;"Таймери для поливу";0;0
5043;4672503;;;;152462;"Набори для крапельного поливу";0;0
4800;4672508;;;;4671521;"Караоке-системи та приставки";0;0
5397;4672518;;;;4625256;"Системи виклику персоналу";0;0
5655;4672523;;;;83850;"Знижені в ціні товари медичного призначення";0;0
4453;4672528;;;;80079;Барометри;0;0
4604;4672533;;;;80100;Гучномовці;0;0
5154;4672538;;;;4659755;"Друк на полотні";0;0
4880;4672543;;;;4625433;"Компресійний одяг";0;0
5131;4672548;;;;4653887;"Панелі оператора";0;0
5686;4672553;;;;4630262;Фотопослуги;0;0
5156;4672558;;;;4672553;"Друк фото";0;0
5465;4672603;;;;4625234;"Студійні стійки, кріплення, тримачі";0;0
4361;4672618;;;;4625234;"Адаптери і перехідники для фототехніки";0;0
4596;4672623;;;;155018;Граблі;0;0
5342;4672628;;;;155018;"Ручні культиватори";0;0
4969;4672633;;;;155018;Лопати;0;0
4514;4672643;;;;155018;Вила;0;0
5376;4672648;;;;155018;Секатори;0;0
5718;4672653;;;;155018;"Держаки для садового інструменту";0;0
5567;4672658;;;;155018;Сапи;0;0
5532;4672663;;;;155018;Сокири;0;0
5048;4672668;;;;155018;"Набори садових інструментів";0;0
5341;4672673;;;;155018;"Ручні коси";0;0
5470;4672678;;;;155018;Гілкорізи;0;0
5159;4672683;;;;155018;"Пили садові";0;0
5354;4672693;;;;155018;"Садові ножиці";0;0
5353;4672698;;;;155018;"Садові ножі";0;0
5355;4672703;;;;155018;"Садові совки";0;0
4866;4672708;;;;4648566;"Комплектуючі до причепів";0;0
5373;4672713;;;;4672708;"Світлотехніка й електрика причепів";0;0
4710;4672718;;;;277644;"Задні ліхтарі причепів";0;0
4892;4672723;;;;277644;"Контурно-габаритні ліхтарі";0;0
4718;4672728;;;;277644;"Запасне скло ліхтарів причепів";0;0
5372;4672733;;;;277644;"Світловідбивачі та проблискові маячки";0;0
5295;4672738;;;;4672713;"Роз'єми, подовжувачі та перетворювачі для причепів";0;0
4404;4672743;;;;4672713;"Аксесуари та приладдя світлотехніки причепів";0;0
4523;4672748;;;;4642704;"Внутрішнє дообладнання фургона";0;0
4422;4672753;;;;4642704;"Амортизатори капота і багажника";0;0
4917;4672758;;;;3803561;"Кріплення для проводів";0;0
4497;4672768;;;;2798812;Валики;0;0
4818;4672778;;;;2798812;"Кельми і ковші";0;0
4827;4672783;;;;2798812;"Пензлі малярні";0;0
4931;4672788;;;;2798812;Кюветки;0;0
5507;4672793;;;;2798812;"Терки будівельні";0;0
5748;4672798;;;;2798812;Шпателі;0;0
4765;4672803;;;;4630542;"Дзеркала телескопічні";0;0
4797;4672808;;;;4653880;"Камери для шин";0;0
4667;4672823;;;;4674031;"Диски зчеплення, кошики зчеплення та комплекти";0;0
4386;4672828;;;;4625959;"Аксесуари для мультиварок та пароварок";0;0
4392;4672833;;;;81499;"Аксесуари для радіокерованих моделей";0;0
5198;4672838;;;;4644128;"Підрульові шлейфи";0;0
4387;4672843;;;;4625959;"Аксесуари для м'ясорубок";0;0
4370;4672853;;;;4625959;"Аксесуари для блендерів та міксерів";0;0
4402;4672858;;;;4625959;"Аксесуари для електрогрилів";0;0
4385;4672863;;;;4625959;"Аксесуари для мікрохвильовок";0;0
4382;4672868;;;;4625959;"Аксесуари для кавоварок і кавових машин";0;0
4393;4672878;;;;4625959;"Аксесуари для соковичавниць";0;0
4407;4672883;;;;4625959;"Аксесуари до кулерів для води";0;0
4373;4672888;;;;4625959;"Аксесуари для вакуумних пакувальників";0;0
4410;4672893;;;;4625959;"Аксесуари до сушарок для овочів і фруктів";0;0
4400;4672898;;;;4625959;"Аксесуари для хлібопічок";0;0
4372;4672903;;;;4625959;"Аксесуари для бутербродниць та вафельниць";0;0
4397;4672908;;;;4625959;"Аксесуари для тостерів";0;0
4368;4672913;;;;4625959;"Аксесуари для аерогрилів та фритюрниць";0;0
5524;4672923;;;;4630454;"Паливна система";0;0
5529;4672928;;;;4672923;"Паливні баки";0;0
4867;4672933;;;;4672923;"Комплектуючі для паливних баків";0;0
5317;4672938;;;;4674250;"Ремкомплекти обмежувачів дверей";0;0
4389;4672943;;;;4631896;"Аксесуари для перевезення і зберігання мотоцикла";0;0
4558;4672948;;;;4642696;"Високовольтні дроти запалювання";0;0
4731;4672953;;;;4625959;"Запчастини для мультиварок і пароварок";0;0
4732;4672958;;;;4625959;"Запчастини для м'ясорубок";0;0
4728;4672963;;;;4625959;"Запчастини для кухонних комбайнів";0;0
4723;4672968;;;;4625959;"Запчастини для блендерів";0;0
4745;4672973;;;;4625959;"Запчастини для електрогрилів";0;0
4730;4672978;;;;4625959;"Запчастини для мікрохвильових печей";0;0
4727;4672983;;;;4625959;"Запчастини для кавоварок і кавових машин";0;0
4736;4672993;;;;4625959;"Запчастини для соковижималок";0;0
4744;4672998;;;;4625959;"Запчастини для чайників і термопотів";0;0
4755;4673003;;;;4625959;"Запчастини до сушарок для овочів і фруктів";0;0
4742;4673008;;;;4625959;"Запчастини для хлібопічок";0;0
4740;4673013;;;;4625959;"Запчастини для тостерів";0;0
4729;4673033;;;;4625959;"Запчастини для скиборізок";0;0
5110;4673078;;;;4672708;"Опорні колеса, стійки і комплектуючі для причепа";0;0
5689;4673083;;;;4672708;"Фурнітура для легкового причепа";0;0
4353;4673143;;;;3803589;"Автоматичні вимикачі";0;0
4388;4673148;;;;3803589;"Аксесуари для низьковольтного і щитового обладнання";0;0
5080;4673153;;;;3803589;"Низьковольтні перемикачі навантаження";0;0
5101;4673163;;;;3803589;"Обмежувачі імпульсних перенапруг";0;0
5231;4673168;;;;3803589;Запобіжники;0;0
5282;4673173;;;;3803589;Пускачі;0;0
5315;4673183;;;;3803589;Реле;0;0
5477;4673188;;;;3803589;"Таймери і реле часу";0;0
5768;4673198;;;;3803589;"Електровимірювальні прилади і реєстратори параметрів";0;0
4890;4673203;;;;3803589;Контактори;0;0
5594;4673208;;;;3803589;"Пристрої захисного відключення (ПЗВ)";0;0
4405;4673213;;;;4625959;"Аксесуари до апаратів газування, пивоварень";0;0
5549;4673218;;;;3933347;"Транспорт для всієї родини";0;0
4452;4673223;;;;4626629;"Барні шейкери";0;0
4451;4673228;;;;4626629;"Барні аксесуари";0;0
5104;4673233;;;;116671;"Одяг для фігурного катання";0;0
5688;4673238;;;;4630013;"Фурнітура для кейсів, реків, кофрів";0;0
5219;4673243;;;;4642712;"Пороги на авто";0;0
5256;4673253;;;;4660608;"Продовольчі набори без алкоголю";0;0
4675;4673263;;;;4630262;"Домашній мастер";0;0
4768;4673273;;;;80255;"Ігрові клавіатури";0;0
4770;4673278;;;;80255;"Ігрові миші";0;0
4750;4673288;;;;4625959;"Запчастини до кулерів для води";0;0
4590;4673298;;;;4672423;"Голографічні 3D проектори";0;0
5121;4673303;;;;4674328;"Зброя для страйкболу";0;0
4395;4673308;;;;4674328;"Аксесуари для страйкбольної зброї";0;0
5590;4673313;;;;4673263;"Послуги сантехніка";0;0
5591;4673318;;;;4673263;"Послуги електрика";0;0
5031;4673323;;;;4673263;"Чоловік на годину";0;0
5646;4673328;;;;83850;"Уцінені будівельні матеріали";0;0
5090;4673338;;;;4630262;"Обмін іграшок";0;0
5269;4673348;;;;4644752;"Промислові овочечистки та терки";0;0
4549;4673353;;;;2048492;"Все для нарощування вій";0;0
4548;4673358;;;;2048492;"Все для ламінування вій та брів";0;0
5778;4673363;;;;4639440;"Елементи бетонних сходів";0;0
4777;4673368;;;;4629728;"Інструмент для прочищення труб";0;0
5221;4673398;;;;4631949;Поролон;0;0
4951;4673403;;;;4628712;"Ліки від алергії";0;0
5242;4673408;;;;4628712;"Препарати для щитоподібної залози";0;0
5274;4673418;;;;4628712;"Противірусні препарати";0;0
4950;4673423;;;;4674196;"Ліки для кишечника";0;0
5238;4673428;;;;4674196;"Препарати для підшлункової залози";0;0
4429;4673443;;;;4628712;"Антисептичні засоби";0;0
5241;4673448;;;;4628712;"Препарати для стоматології";0;0
5236;4673458;;;;4674196;"Препарати для печінки";0;0
4496;4673463;;;;4628635;Вакцини;0;0
4773;4673473;;;;4628635;"Імуностимулюючі препарати";0;0
5243;4673478;;;;4628663;"Препарати від шкідливих звичок";0;0
5592;4673483;;;;4628663;Заспокійливе;0;0
4427;4673488;;;;4628663;Антидепресанти;0;0
5421;4673493;;;;4628663;Снодійне;0;0
4955;4673498;;;;4628663;"Ліки при хворобі Паркінсона";0;0
5086;4673503;;;;4628663;"Ноотропні препарати";0;0
4954;4673508;;;;4628663;"Ліки від епілепсії";0;0
5075;4673513;;;;4628663;Нейролептики;0;0
4952;4673518;;;;4628649;"Ліки від кашлю";0;0
5439;4673523;;;;4628649;"Засоби від нежитю";0;0
4693;4673528;;;;4628649;Жарознижуючі;0;0
4948;4673533;;;;4628649;"Ліки для горла";0;0
5379;4673538;;;;4628656;"Сексуальне здоров'я чоловіка";0;0
4584;4673563;;;;4628656;"Гінекологічні препарати";0;0
5277;4673603;;;;2048497;"Професійна косметика для волосся";0;0
5249;4673611;;;;437989;"Принтери для нігтів";0;0
5723;4673614;;;;80263;"Чохли для телефонів з принтом на замовлення";0;0
5413;4673617;;;;80706;"Змішувачі для біде";0;0
5414;4673620;;;;80706;"Змішувачі для ванни";0;0
5415;4673623;;;;80706;"Змішувачі для душу";0;0
5416;4673626;;;;80706;"Змішувачі для раковини";0;0
5050;4673629;;;;80706;"Набори змішувачів";0;0
5417;4673632;;;;80706;"Змішувачі прихованого монтажу";0;0
5013;4673635;;;;80706;Монокран;0;0
5380;4673641;;;;0;Сексшоп;0;0
4512;4673644;;;;4673641;Вібратори;0;0
5661;4673647;;;;4673641;Фалоімітатори;0;0
5462;4673650;;;;4673641;Страпони;0;0
4423;4673653;;;;4673641;"Анальні пробки";0;0
4493;4673656;;;;4673641;"Вагінальні кульки";0;0
4495;4673659;;;;4673641;"Вакуумні помпи";0;0
4986;4673662;;;;4673641;Мастурбатори;0;0
5377;4673665;;;;4673641;Секс-ляльки;0;0
4994;4673668;;;;4673641;"Меблі для сексу";0;0
4459;4673671;;;;4673641;БДСМ-іграшки;0;0
5068;4673674;;;;4673641;"Насадки на статевий член";0;0
5045;4673677;;;;4673641;"Набори для сексу";0;0
4539;4673680;;;;4673641;"Збуджуючі засоби";0;0
5716;4673683;;;;4626609;"Чашки з принтом на замовлення";0;0
5141;4673686;;;;4640752;"ПВХ штори";0;0
5034;4673689;;;;2349087;"Чоловічі портупеї";0;0
4877;4673692;;;;2349087;"Комплекти чоловічої білизни";0;0
5677;4673701;;;;4627283;"Фільтри салону";0;0
5671;4673704;;;;4627283;"Фільтри АКПП";0;0
5178;4673707;;;;2577232;Пневмоінструмент;0;0
5738;4673710;;;;4673707;"Шланги високого тиску";0;0
5595;4673713;;;;4673707;"Пристрої підготовки та очищення повітря";0;0
4492;4673716;;;;4673707;"Швидкознімачі та фітинги";0;0
5047;4673719;;;;4673707;"Набори пневмоінструментів";0;0
5182;4673722;;;;4673707;"Пневмопістолети будівельні";0;0
4832;4673728;;;;4639600;Клей;0;0
4833;4673731;;;;4673728;"Клей побутовий";0;0
4835;4673734;;;;4673728;"Клей для шпалер";0;0
4806;4673740;;;;4626604;Картоплем'ялки;0;0
4884;4673743;;;;4627143;"Кондитерські килимки і підкладки";0;0
5401;4673746;;;;4627143;"Скалки для розкочування тіста";0;0
4886;4673749;;;;4627143;"Кондитерські шприци та мішки";0;0
5551;4673752;;;;4627143;Трафарети;0;0
5247;4673755;;;;4627143;"Приладдя для роботи з мастикою і марципаном";0;0
4887;4673758;;;;4627143;"Кондитерський інвентар";0;0
4885;4673761;;;;4627143;"Кондитерські ножі і різаки";0;0
5424;4673764;;;;4628425;Солярії;0;0
5134;4673767;;;;2659527;"Пасти і очисники для рук";0;0
5535;4673770;;;;4630454;"Гальмівна система";0;0
5537;4673773;;;;4673770;"Гальмівні барабани";0;0
5557;4673776;;;;4673770;"Троси ручника";0;0
5541;4673779;;;;4673770;"Гальмівні циліндри";0;0
5318;4673782;;;;4673770;"Ремкомплекти гальмівної системи";0;0
4458;4673785;;;;4673770;"Бачки гальмівної рідини";0;0
4611;4673788;;;;4673770;"Датчики зносу гальмівних колодок";0;0
5539;4673791;;;;4673770;"Гальмівні супорти";0;0
5584;4673797;;;;4626569;"Урологічні прокладки";0;0
5530;4673803;;;;4672923;"Паливні насоси";0;0
5313;4673806;;;;4672923;"Рейки паливні, паливопроводи та їх частини";0;0
4801;4673809;;;;4672923;"Карбюратори, запчастини для карбюратора";0;0
5088;4673812;;;;4630220;"Носові хустки";0;0
5262;4673827;;;;4630454;"Прокладки та сальники";0;0
5261;4673836;;;;4673827;"Прокладки автомобільні";0;0
4355;4673839;;;;4630454;"Автомобільні кріплення";0;0
5394;4673845;;;;4630454;"Система охолодження двигуна";0;0
5305;4673848;;;;4673845;"Розширювальні бачки";0;0
4506;4673851;;;;4673845;"Вентилятори, крильчатки та електромотори охолодження двигуна";0;0
5138;4673854;;;;4673845;"Патрубки системи охолодження";0;0
5511;4673857;;;;4673845;"Термостати та корпуси термостатів";0;0
4518;4673860;;;;4673845;"Віскомуфти системи охолодження";0;0
5287;4673863;;;;4673845;"Радіатори охолодження двигуна";0;0
5192;4673866;;;;368610;"Подарунки на Новий рік";0;0
5466;4673869;;;;4648572;"Ступиці та підшипники ступиць";0;0
5112;4673872;;;;4648572;"Опори і підшипники опори амортизаторів";0;0
5283;4673875;;;;4648572;"Пильовики та відбійники амортизаторів";0;0
4551;4673878;;;;4648572;"Втулки стабілізатора";0;0
5316;4673881;;;;4644128;"Реле автомобільні";0;0
4610;4673884;;;;4644128;"Датчики автомобільні";0;0
5448;4673890;;;;4644128;"Стартери автомобільні";0;0
4571;4673893;;;;4644128;"Генератори автомобільні";0;0
4869;4673896;;;;4644128;"Комплектуючі стартерів та генераторів";0;0
5183;4673899;;;;4648572;Пневмопідвіска;0;0
5005;4673902;;;;4671521;"Мікрофони і звукозапис";0;0
4819;4673905;;;;4629998;Кепки;0;0
4464;4673908;;;;4629998;Берети;0;0
5726;4673911;;;;4629998;Шапки;0;0
5130;4673914;;;;4629998;Панами;0;0
5745;4673917;;;;4629998;Капелюхи;0;0
4844;4673920;;;;4629998;Козирки;0;0
4874;4673923;;;;4629998;"Комплекти головних уборів";0;0
5127;4673926;;;;4630335;"Палантини та шалі";0;0
5168;4673929;;;;4630335;"Хустки та косинки";0;0
5728;4673932;;;;4630335;Шарфи;0;0
4814;4673935;;;;4645776;"Каталізатори для авто";0;0
4595;4673938;;;;4645776;"Гофри вихлопних систем";0;0
5017;4673941;;;;4645776;"Монтажні елементи вихлопних систем";0;0
4830;4673944;;;;4645776;"Клапани рециркуляції відпрацьованих газів (EGR)";0;0
4555;4673947;;;;4645776;"Випускні колектори";0;0
4824;4673950;;;;4645776;"Кисневі датчики (лямбда-зонди)";0;0
4588;4673953;;;;4645776;"Глушники, резонатори, труби";0;0
5730;4673956;;;;4629256;"Швабри для вікон та скребки";0;0
5289;4673962;;;;4656972;"Радіатори системи опалення автомобіля";0;0
4507;4673965;;;;4656972;"Вентилятори салону автомобіля";0;0
5137;4673968;;;;4656972;"Патрубки системи опалення та кондиціювання автомобіля";0;0
4356;4673971;;;;4656972;"Автономні обігрівачі (WEBASTO) і кондиціонери";0;0
5319;4673977;;;;4642672;"Ремені та комплекти ГРМ";0;0
5704;4673980;;;;4642672;"Ланцюги та комплекти ГРМ";0;0
5251;4673983;;;;4642672;"Пробки двигуна";0;0
5195;4673986;;;;4642672;"Піддони двигуна, КПП та їх частини";0;0
4828;4673989;;;;4642672;"Клапани ГБЦ";0;0
5111;4673992;;;;4642672;"Опори двигуна та КПП";0;0
5332;4673995;;;;4642672;"Ролики та натягувачі приводних та ГРМ ременів";0;0
5392;4673998;;;;4630454;"Система кондиціювання автомобіля";0;0
4881;4674001;;;;4673998;"Компресори кондиціонера автомобільні";0;0
5124;4674004;;;;4673998;"Осушувачі кондиціонера автомобіля";0;0
4789;4674007;;;;4673998;"Випарники кондиціонера авто";0;0
5286;4674010;;;;4673998;"Радіатори кондиціонера автомобіля";0;0
5321;4674013;;;;4660034;"Ремонт гаджетів";0;0
5402;4674016;;;;4675149;Скальники;0;0
5297;4674019;;;;4642696;"Розподільники запалення";0;0
4717;4674022;;;;4642696;"Замки запалювання";0;0
4815;4674025;;;;4642696;"Котушки запалювання";0;0
4345;4674028;;;;297931;"CD диски";0;0
5548;4674031;;;;4630454;"Трансмісія та зчеплення автомобіля";0;0
5752;4674034;;;;4674031;ШРУСи;0;0
5245;4674037;;;;4674031;"Привідні вали";0;0
4920;4674040;;;;4674031;"Хрестовини карданного валу";0;0
5714;4674043;;;;4674031;"Циліндри зчеплення";0;0
5558;4674046;;;;4674031;"Троси зчеплення та КПП, приводи КПП";0;0
5039;4674049;;;;4674031;"Муфти еластичні";0;0
5204;4674052;;;;4674031;"Підшипники підвісні та підшипники трансмісії";0;0
4802;4674055;;;;4674031;"Карданні вали та фланці валів";0;0
5285;4674058;;;;4674031;"Пильовики ШРУС";0;0
4670;4674061;;;;4674031;"Диференціали (редуктори) та їх частини";0;0
5257;4674064;;;;4655326;"Продукти бджільництва";0;0
5032;4674073;;;;1162070;"Чоловічий гірськолижний одяг";0;0
5033;4674076;;;;4674073;"Чоловічі лижні куртки";0;0
5681;4674079;;;;4639184;Флораріуми;0;0
5208;4674085;;;;4639184;"Корисні комахи";0;0
4412;4674088;;;;4626143;"Аксесуари до електробритв";0;0
4408;4674091;;;;4626143;"Аксесуари до машинок для стрижки та тримерів";0;0
4409;4674094;;;;4626143;"Аксесуари до приладів для укладання волосся";0;0
4406;4674097;;;;4626143;"Аксесуари до косметичних приладів";0;0
4567;4674100;;;;100812;"Гаражі і паркінги для машинок";0;0
4984;4674103;;;;4626143;"Олія та спреї для аксесуарів для догляду за тілом";0;0
4651;4674106;;;;100784;"Дитячі цифрові фотоапарати, відеокамери та мініпринтери";0;0
4743;4674115;;;;80177;"Запчастини для холодильників та морозильних камер";0;0
4401;4674118;;;;80177;"Аксесуари для холодильників";0;0
4738;4674121;;;;80177;"Запчастини для пральних машин";0;0
4746;4674124;;;;80177;"Запчастини для електроплит та газових плит";0;0
4724;4674127;;;;80177;"Запчастини для бойлерів та водонагрівачів";0;0
4433;4674133;;;;3973653;Аспіратори;0;0
4648;4674136;;;;4035302;"Дитячі стрибуни";0;0
4466;4674139;;;;4035302;Бізіборди;0;0
4769;4674142;;;;4035302;"Ігрові килимки";0;0
4655;4674145;;;;4035302;"Дитячі шезлонги-гойдалки та колисальні центри";0;0
4645;4674148;;;;3973660;"Дитячі підставки-сходинки для ванни і туалету";0;0
4366;4674151;;;;4627949;"Аксесуари Apple";0;0
4348;4674154;;;;1162030;"Love Season";0;0
5276;4674157;;;;277644;"Протитуманні фари";0;0
5664;4674160;;;;277644;"Фари головного світла";0;0
5135;4674163;;;;277644;"Патрони автомобільних ламп";0;0
4963;4674166;;;;277644;"Лінзи у фари";0;0
5369;4674169;;;;277644;"Світлові значки та логотипи";0;0
5188;4674172;;;;155952;"Поверхневі насоси";0;0
5191;4674175;;;;155952;"Занурювальні насоси";0;0
5715;4674178;;;;155952;"Циркуляційні насоси";0;0
5027;4674181;;;;155952;Мотопомпи;0;0
4865;4674184;;;;155952;"Комплектуючі для насосів";0;0
5181;4674187;;;;4654223;"Пневмопістолети для накачки шин";0;0
5763;4674190;;;;4627858;"Екстер'єр автомобіля";0;0
5542;4674193;;;;4673770;"Гальмівні шланги та трубки";0;0
5237;4674196;;;;4628712;"Препарати для травної системи";0;0
5517;4674199;;;;100826;"Толокари і чудомобілі";0;0
5696;4674202;;;;100826;"Ходунки і стрибунки";0;0
4460;4674205;;;;100826;Біговели;0;0
4639;4674208;;;;139442;"Дитячі надувні батути і надувні центри";0;0
4630;4674211;;;;139442;"Дитячі вігвами і намети";0;0
4631;4674217;;;;139442;"Дитячі гірки";0;0
4632;4674220;;;;139442;"Дитячі ігрові будиночки";0;0
4641;4674223;;;;139442;"Дитячі пісочниці";0;0
4650;4674226;;;;139442;"Дитячі сухі басейни";0;0
4377;4674229;;;;139442;"Аксесуари для дитячих ігрових комплексів";0;0
4649;4674232;;;;139442;"Дитячі спортивні і гімнаcтичні комплекси";0;0
4633;4674235;;;;139442;"Дитячі гойдалки і балансири";0;0
4996;4674238;;;;4326572;"Метафоричні асоціативні карти";0;0
5779;4674241;;;;4674190;"Емблеми автомобільні";0;0
4757;4674244;;;;4674190;"Захист автомобільний";0;0
4854;4674250;;;;4674190;"Комплектуючі дверей автомобіля";0;0
5683;4674256;;;;4653950;"Форсунки омивача скла та фар для авто";0;0
5070;4674259;;;;4653950;"Насоси омивача скла та фар";0;0
5073;4674265;;;;1162030;"Нашим захисникам";0;0
4997;4674268;;;;4629998;"Хутряні навушники";0;0
5190;4674271;;;;4629998;"Пов'язки на голову";0;0
4441;4674274;;;;4629998;Балаклави;0;0
4447;4674277;;;;4629998;Бандани;0;0
4456;4674280;;;;4630335;Баффи;0;0
5226;4674283;;;;2460397;"Поштові марки";0;0
5492;4674286;;;;4658540;"Тактичні рюкзаки";0;0
4811;4674289;;;;4658540;"Каски та шоломи";0;0
5292;4674292;;;;4658540;"Розвантажувальні жилети";0;0
5170;4674295;;;;4658540;"Плити для бронежилетів (Бронепластини)";0;0
5489;4674298;;;;4658540;"Тактичні рукавички";0;0
5294;4674301;;;;4631376;"Роз'єми живлення для ноутбуків";0;0
5487;4674304;;;;4658540;"Тактичні наколінники та налокітники";0;0
5479;4674307;;;;4658540;"Тактичне взуття";0;0
4526;4674310;;;;4674363;"Військова форма";0;0
5497;4674313;;;;4658540;"Тактичний інструмент";0;0
5006;4674316;;;;435974;"Світ кави";0;0
5356;4674322;;;;4594292;Саке;0;0
5275;4674325;;;;4658540;"Протигази та хімзахист";0;0
5461;4674328;;;;84625;"Страйкбол (AirSoft)";0;0
5419;4674331;;;;4674328;"Спорядження для страйкболу";0;0
4749;4674334;;;;4674328;"Запчастини та тюнінг для страйкбольної зброї";0;0
4864;4674337;;;;84625;"Комплектуючі та тюнінг для зброї";0;0
4966;4674340;;;;4674337;"Ложі та шасі для зброї";0;0
5363;4674343;;;;4674337;"Саундмодератори та ДТК для зброї";0;0
4974;4674346;;;;4674337;"Магазини для зброї";0;0
5337;4674349;;;;4674337;"Рукоятки для зброї";0;0
5702;4674352;;;;4674337;"Цівки та приклади для зброї";0;0
4733;4674355;;;;4674337;"Запчастини для зброї";0;0
4836;4674360;;;;3510436;Клейма;0;0
5478;4674363;;;;4658540;"Тактичний та військовий одяг";0;0
4530;4674366;;;;4674363;"Військові штани та шорти";0;0
5496;4674369;;;;4674366;"Тактичні штани";0;0
5495;4674372;;;;4674366;"Тактичні шорти";0;0
4536;4674375;;;;4674363;"Військові сорочки, футболки і майки";0;0
5491;4674378;;;;4674375;"Тактичні сорочки";0;0
5490;4674381;;;;4674375;"Тактичні поло";0;0
4977;4674384;;;;4674375;"Майки військові";0;0
5494;4674387;;;;4674375;"Тактичні футболки";0;0
5505;4674390;;;;4674375;"Тільняшки військові";0;0
5486;4674393;;;;4674375;"Тактичні лонгсліви";0;0
5732;4674396;;;;4658540;"Шеврони та військові нашивки";0;0
4525;4674399;;;;4674363;"Військовий верхній одяг";0;0
5485;4674402;;;;4674399;"Тактичні куртки";0;0
4491;4674405;;;;4674399;"Бушлати військові";0;0
4673;4674414;;;;4674399;"Дощовики військові";0;0
4535;4674417;;;;4674363;"Військові кофти";0;0
4532;4674420;;;;4674363;"Військові головні убори";0;0
5480;4674426;;;;4674420;"Тактичні бафи";0;0
4538;4674429;;;;4674420;"Військові шарфи, шемаги";0;0
4527;4674432;;;;4674420;"Військові балаклави";0;0
4529;4674438;;;;4674420;"Військові берети";0;0
5483;4674441;;;;4674420;"Тактичні кепки та бейсболки";0;0
5488;4674444;;;;4674420;"Тактичні панами";0;0
4528;4674447;;;;4674420;"Військові бандани";0;0
4537;4674450;;;;4674420;"Військові шапки";0;0
5521;4674453;;;;4643520;"Тонована фарба";0;0
4432;4674459;;;;4658540;"Армійські фляги";0;0
5481;4674468;;;;4674307;"Тактичні берці";0;0
5482;4674471;;;;4674307;"Тактичні черевики";0;0
5484;4674474;;;;4674307;"Тактичні кросівки";0;0
5009;4674477;;;;4627851;"Модульні будинки";0;0
4656;4674480;;;;169823;"Дитячий текстиль та матраци";0;0
4657;4674483;;;;4674480;"Дитяча постільна білизна";0;0
4482;4674486;;;;4674480;"Бортики (захист) у дитяче ліжечко";0;0
4443;4674489;;;;4674480;"Балдахіни для дитячих ліжечок";0;0
4636;4674492;;;;4674480;"Дитячі матраци";0;0
4846;4674495;;;;4674480;"Кокони та позиціонери для немовлят";0;0
4647;4674498;;;;4674480;"Дитячі простирадла";0;0
5065;4674501;;;;4674480;"Наматрацники дитячі";0;0
5197;4674504;;;;4674480;"Підковдри дитячі";0;0
5105;4674507;;;;4674480;"Дитячі ковдри";0;0
4642;4674510;;;;4674480;"Дитячі пледи та покривала";0;0
4646;4674513;;;;4674480;"Дитячі подушки";0;0
5301;4674516;;;;4653880;"Витратні матеріали для шиномонтажу";0;0
5019;4674519;;;;155824;Мотоблоки;0;0
5025;4674522;;;;155824;Мотокультиватори;0;0
5770;4674525;;;;155824;Електрокультиватори;0;0
5054;4674528;;;;155824;"Навісне обладнання до культиваторів, мотоблоків";0;0
5186;4674531;;;;4673707;Пневмошуруповерти;0;0
5177;4674534;;;;4673707;Пневмодрелі;0;0
5185;4674537;;;;4673707;Пневмошліфмашинки;0;0
5179;4674540;;;;4673707;Пневмомолотоки;0;0
5176;4674543;;;;4673707;Пневмогайковерти;0;0
5180;4674546;;;;4673707;Пневмопили;0;0
5175;4674549;;;;4673707;"Пневматичні багатофункціональні інструменти";0;0
5184;4674552;;;;4673707;Пневмостеплери;0;0
5220;4674555;;;;4641064;Поріжки;0;0
5669;4674558;;;;156670;"Фільтруючі завантаження для очищення води";0;0
4863;4674561;;;;156670;"Комплектуючі та запчастини для фільтрів води";0;0
4615;4674564;;;;4653950;"Двигуни та трапеції склоочисників";0;0
5345;4674567;;;;4653950;"Важелі склоочисників";0;0
5314;4674570;;;;4658044;"Рекуператори повітря";0;0
4463;4674573;;;;155515;Бензопили;0;0
5775;4674576;;;;155515;Електропили;0;0
4364;4674579;;;;155515;"Акумуляторні пилки";0;0
5187;4674582;;;;4627949;"Повербанки та зарядні станції";0;0
4756;4674585;;;;4674582;"Зарядні станції";0;0
4399;4674588;;;;4674582;"Аксесуари для УМБ та зарядних станцій";0;0
5092;4674591;;;;80111;"Обладнання PON";0;0
5267;4674597;;;;4675923;"Промислові генератори";0;0
4480;4674600;;;;4625698;"Бордюри для шпалер";0;0
5146;4674603;;;;4625704;"Піни монтажні";0;0
4574;4674606;;;;4625704;Герметики;0;0
5015;4674609;;;;4625704;"Монтажні очищувачі";0;0
5327;4674612;;;;4625841;"Римські штори";0;0
5785;4674615;;;;723119;"Ювелірні прикраси для волосся";0;0
5783;4674618;;;;723119;"Ювелірне намисто";0;0
4357;4674624;;;;4654538;Автохолодильники;0;0
4556;4674627;;;;3803561;"Високовольтне обладнання";0;0
4557;4674642;;;;4674627;"Високовольтні вимикачі навантаження";0;0
4559;4674645;;;;4674627;"Високовольтні трансформатори";0;0
4560;4674648;;;;155515;Висоторізи;0;0
5378;4674651;;;;4673641;"Секс приколи і подарунки";0;0
4879;4674654;;;;4625304;"Компостери садові";0;0
5362;4674657;;;;4625304;"Сараї для дачі";0;0
4987;4674660;;;;4639424;"Матеріали для будівництва стін";0;0
5435;4674663;;;;4637687;"Спортивні шорти чоловічі";0;0
5008;4674666;;;;4628411;"Модулі прихованого монтажу";0;0
4462;4674669;;;;2033137;Білизна;0;0
4503;4674672;;;;80137;"Варильні поверхні індукційні";0;0
4873;4674675;;;;80078;"Комплекти вбудованої техніки";0;0
4766;4674678;;;;4627311;Значки;0;0
5360;4674681;;;;4326572;"Саморозвиток та мотивація";0;0
4468;4674684;;;;4326572;"Біографії та мемуари";0;0
4547;4674687;;;;4626614;"Все для консервування та заготовки продуктів";0;0
4449;4674690;;;;4674687;"Банки для консервування";0;0
4924;4674693;;;;4674687;"Кришки для консервування";0;0
4713;4674696;;;;4674687;"Закаточні ключі та аксесуари";0;0
5443;4674699;;;;2048497;Стайлінг;0;0
5280;4674702;;;;4674699;"Пудра для волосся";0;0
5216;4674705;;;;4674699;"Помада для волосся";0;0
4870;4674708;;;;4629256;"Комплект швабра з відром";0;0
4853;4674711;;;;4629256;"Комплект совок та щітка";0;0
5504;4674714;;;;4629256;"Візки для прибирання";0;0
5406;4674717;;;;81202;Слеклайн;0;0
4907;4674720;;;;435974;Кавоварки;0;0
5258;4674723;;;;4660419;"Продукція для священиків";0;0
4686;4674726;;;;4660419;"Інше церковне приладдя";0;0
5199;4674729;;;;4660419;"Підсвічники церковні";0;0
4690;4674732;;;;4660419;"Євхаристійні товари, набори";0;0
4938;4674735;;;;4660419;"Лампади та кадила";0;0
4509;4674741;;;;4675019;"Ветпрепарати для домашніх тварин";0;0
5210;4674744;;;;299910;"Рушники кухонні";0;0
5663;4674747;;;;299910;"Фартухи кухонні";0;0
5150;4674750;;;;299910;"Рукавиці та прихватки для гарячого";0;0
5202;4674753;;;;299910;"Подушки для стільців, табуретів";0;0
5503;4674756;;;;299910;"Текстильні мішечки для зберігання";0;0
5200;4674759;;;;299910;"Підставки для посуду";0;0
5516;4674762;;;;4648686;"Товари після мастектомії та маммопластики";0;0
4508;4674765;;;;116943;"Верхні та бічні душі";0;0
4575;4674768;;;;116943;"Гігієнічний душ";0;0
4579;4674771;;;;116943;"Гідромасажні панелі";0;0
4624;4674774;;;;116943;"Тримачі, кронштейни та штанги для душу";0;0
4687;4674777;;;;116943;"Душові комплекти";0;0
4947;4674780;;;;116943;"Лійки для душу";0;0
5742;4674783;;;;116943;"Шлангові під'єднання та перемикаючі вентилі";0;0
5740;4674786;;;;116943;"Шланги для душу";0;0
4688;4674789;;;;116943;"Душові системи";0;0
5384;4674792;;;;4674687;"Сітки для сушки";0;0
4599;4674795;;;;80253;"Графічні планшети та аксесуари";0;0
4346;4674798;;;;4658540;"EDC спорядження";0;0
5493;4674801;;;;4674337;"Тактичні ліхтарі та аксесуари";0;0
4352;4674804;;;;4674687;Автоклави;0;0
5498;4674810;;;;4658540;"Тактичне обладнання та системи РЕБ";0;0
4926;4674813;;;;4648572;"Кулаки поворотні (цапфи)";0;0
5736;4674816;;;;4648572;"Шкворні та комплектуючі";0;0
5441;4674819;;;;4648572;"Стабілізатори підвіски";0;0
5298;4674822;;;;4638559;"Розсада овочів";0;0
5395;4674825;;;;4630454;"Система підготовки та подачі повітря";0;0
5563;4674828;;;;4674825;Турбокомпресори;0;0
5670;4674831;;;;4627283;"Фільтри AdBlue";0;0
5676;4674834;;;;4627283;"Фільтри охолоджуючої рідини";0;0
4783;4674837;;;;4674825;Інтеркулери;0;0
5139;4674840;;;;4674825;"Патрубки системи підготовки та подачі повітря";0;0
4546;4674843;;;;4674825;"Впускні колектори";0;0
4685;4674846;;;;4674825;"Дросельні заслінки";0;0
4895;4674849;;;;4674825;"Корпуси повітряних фільтрів";0;0
4499;4674852;;;;4642672;"Вали двигуна";0;0
5136;4674855;;;;4642672;"Патрубки і клапани вентиляції картера";0;0
4568;4674858;;;;4642672;"ГБЦ та комплектуючі";0;0
5320;4674861;;;;4642672;"Ремені навісного обладнання двигуна";0;0
4923;4674864;;;;4642672;"Кришки головки блоку циліндрів";0;0
4843;4674867;;;;4642672;"Кожухи ременя ГРМ";0;0
5737;4674870;;;;4642672;"Шківи двигуна";0;0
4494;4674873;;;;4673770;"Вакуумні насоси автомобільні";0;0
4500;4674876;;;;4674031;"Вали коробок перемикання передач (КПП)";0;0
5733;4674879;;;;4674031;"Шестерні та синхронізатори КПП";0;0
4580;4674882;;;;4674031;Гідротрансформатори;0;0
4578;4674885;;;;4674031;"Гідроблоки та соленоїди АКПП";0;0
5687;4674888;;;;4674031;"Фрикціони та гальмівні стрічки АКПП";0;0
4720;4674891;;;;4674031;"Запчастини варіаторів автомобіля (CVT)";0;0
4534;4674894;;;;4658540;"Військові килимки та сідачки";0;0
5096;4674897;;;;4644752;"Обладнання для виробництва напівфабрикатів";0;0
4998;4674900;;;;4674687;"Мішки для засолювання";0;0
4668;4674906;;;;4675938;"Дистильована вода";0;0
5035;4674909;;;;4637687;"Чоловічі спортивні футболки";0;0
5148;4674912;;;;277644;"Перехідні рамки для заміни лінз";0;0
4922;4674915;;;;4642712;"Крила автомобільні";0;0
5580;4674918;;;;4642712;"Ущільнювачі та відбійники кузовні";0;0
5152;4674921;;;;4642712;"Петлі автомобільні";0;0
4612;4674924;;;;4642712;"Двері автомобільні";0;0
4799;4674927;;;;4642712;Капоти;0;0
5333;4674933;;;;4642712;"Ролики зсувних дверей";0;0
4706;4674936;;;;4642712;"Заглушки кузовні";0;0
5142;4674939;;;;4642712;"Педалі та педальні вузли";0;0
5022;4674942;;;;4631896;Мотозапчастини;0;0
5710;4674945;;;;4674942;"Циліндро-поршнева група для мотоциклів";0;0
4573;4674948;;;;4674942;"Генератори для мотоциклів";0;0
5703;4674951;;;;4674942;"Ланцюги та зірки приводні";0;0
5538;4674954;;;;4674942;"Гальмівні колодки для мотоцикла";0;0
5540;4674957;;;;4674942;"Гальмівні троси";0;0
5527;4674960;;;;4674942;"Паливна система мотоцикла";0;0
5340;4674963;;;;4674942;"Ручки газу";0;0
5346;4674966;;;;4674942;"Важелі зчеплення та гальма";0;0
4502;4674969;;;;4674942;"Варіатори та ремені варіаторів";0;0
4421;4674972;;;;4674942;"Амортизатори для мотоциклів";0;0
4541;4674975;;;;4674942;"Повітряні фільтри для мотоцикла";0;0
5531;4674978;;;;4674942;"Паливні фільтри для мотоцикла";0;0
4638;4674981;;;;4674480;"Дитячі наволочки";0;0
4470;4674987;;;;4633513;Біофунгіциди;0;0
4469;4674990;;;;4633513;Біоінсектициди;0;0
4510;4674993;;;;4629914;Вітрогенератори;0;0
4365;4674996;;;;4675923;"Акумулятори для інвертора";0;0
4391;4674999;;;;4675923;"Аксесуари для перетворювачів інверторів";0;0
4566;4675002;;;;146633;Гантелі;0;0
4585;4675005;;;;146633;Гирі;0;0
4602;4675008;;;;146633;Грифи;0;0
4665;4675011;;;;146633;"Диски для штанг та гантелей";0;0
5754;4675014;;;;146633;Штанги;0;0
5052;4675017;;;;146633;"Набори штанга та гантелі ";0;0
4764;4675019;;;;3520929;"Здоров’я та лікування";0;0
4937;4675022;;;;3520929;"Ласощі для тварин";0;0
5329;4675025;;;;3803575;Розетки;0;0
4553;4675028;;;;3803575;"Вимикачі та димери";0;0
4860;4675031;;;;3803575;"Комплектуючі для розеток та вимикачів";0;0
5296;4675034;;;;3803575;"Рамки для розеток та вимикачів";0;0
4852;4675037;;;;3803575;"Комбіновані комплекти розетка + вимикач";0;0
5780;4675040;;;;4625018;"Енергетичні напої";0;0
5707;4675043;;;;4660419;"Церковні свічки";0;0
4583;4675049;;;;4624900;"Гімнастичні снаряди";0;0
5765;4675052;;;;81231;Електробігуді;0;0
5666;4675055;;;;81231;Фен-щітки;0;0
5596;4675058;;;;81231;"Праски для волосся";0;0
5442;4675061;;;;81231;Стайлери;0;0
4991;4675064;;;;81231;"Машинки для завивки волосся";0;0
5172;4675067;;;;81231;Плойки;0;0
5371;4675070;;;;230135;"Світлодіодні лампи (LED)";0;0
4942;4675073;;;;230135;"Лампи розжарювання";0;0
4939;4675076;;;;230135;"Лампи галогенні";0;0
4941;4675079;;;;230135;"Лампи люмінесцентні (енергоощадні)";0;0
4943;4675082;;;;230135;"Лампи спеціальні";0;0
5747;4675085;;;;4675944;"Шпаклівки автомобільні";0;0
5565;4675097;;;;239221;"Туристичні ножі";0;0
5454;4675100;;;;155018;"Степлери садові";0;0
4472;4675103;;;;4631418;"Блоки керування ГБО";0;0
4925;4675106;;;;4673845;"Кришки розширювальних бачків та радіаторів";0;0
5288;4675109;;;;4673845;"Радіатори охолодження масла";0;0
4909;4675112;;;;4656972;"Крани пічки";0;0
5147;4675115;;;;4656972;"Перемикачі повітряного потоку та температури";0;0
5396;4675118;;;;4642672;"Система змащення двигуна";0;0
4921;4675121;;;;4642672;"Кривошипно-шатунний механізм";0;0
4474;4675124;;;;4642672;"Блок циліндрів та його частини";0;0
5038;4675130;;;;4673998;"Муфти компресора кондиціонера";0;0
4813;4675133;;;;4626599;Каструлі-пароварки;0;0
5581;4675139;;;;4673827;"Ущільнювальні кільця";0;0
4552;4675144;;;;102912;"Випалювання по дереву";0;0
4418;4675149;;;;83916;"Альпінізм та скелелазіння";0;0
4419;4675154;;;;4675149;"Альпіністське спорядження";0;0
4945;4675159;;;;4675149;"Льодове спорядження";0;0
4483;4675164;;;;105282;"Бра та настінні світильники";0;0
5436;4675169;;;;105282;"Спот світильники";0;0
5225;4675174;;;;105282;"Стельові світильники";0;0
4962;4675179;;;;230134;"Лінійні світильники";0;0
5512;4675184;;;;4626614;Термочашки;0;0
4531;4675189;;;;4658540;"Військові гамаші та бахіли";0;0
4415;4675699;;;;4648686;"Акупунктурні товари та механічні масажери";0;0
4696;4675704;;;;4637607;"Жіночі корсети";0;0
5788;4675709;;;;4642976;"Скриньки для збору грошей та анкет";0;0
5576;4675719;;;;241315;"Вуличні стовпчики";0;0
5351;4675729;;;;241315;"Садово-паркові підсвітки";0;0
4889;4675734;;;;241315;"Консольні світильники";0;0
4398;4675739;;;;241315;"Аксесуари для вуличного освітлення";0;0
4519;4675744;;;;241315;"Закопувані світильники (ґрунтові)";0;0
5577;4675749;;;;241315;"Вуличні ліхтарі";0;0
5573;4675754;;;;241315;"Вуличні настінні світильники";0;0
5194;4675759;;;;241315;"Підвісні світильники";0;0
5575;4675764;;;;241315;"Вуличні стельові світильники";0;0
5574;4675769;;;;241315;"Вуличні настільні лампи та торшери";0;0
4609;4675779;;;;4648956;Датчики;0;0
4840;4675784;;;;4648956;"Коаксіальні комплекти";0;0
5739;4675789;;;;4648956;"Шланги для газу";0;0
4471;4675794;;;;4648956;"Блоки та плати для котла";0;0
5254;4675799;;;;4648956;"Програматори та контролери для котлів";0;0
5069;4675804;;;;4648956;"Насоси для котлів";0;0
4592;4675809;;;;4648956;"Пальники для котлів";0;0
5767;4675814;;;;4648956;Електроди;0;0
4678;4675819;;;;4648956;"Додаткові запчастини";0;0
4606;4675824;;;;4648956;"Групи безпеки для котлів";0;0
5506;4675829;;;;4648956;"Теплообмінники та нагрівачі";0;0
5304;4675834;;;;4648956;"Розширювальні баки для опалення";0;0
5076;4675839;;;;4626514;"Неодимові магніти";0;0
5463;4675844;;;;1723657;Стрінг-арт;0;0
4501;4675849;;;;80106;"Ванни та комплектуючі";0;0
5772;4675854;;;;4660244;"Електроножиці по металу";0;0
4705;4675864;;;;4637631;"Жилети та накидки";0;0
4359;4675879;;;;80111;"Адаптери Powerline";0;0
4533;4675884;;;;4674798;"Військове канцелярське приладдя";0;0
5248;4675885;;;;4625256;"Принтери для бізнесу";0;0
5350;4675890;;;;4633513;"Садова фарба";0;0
5437;4675899;;;;80111;"Супутникові термінали";0;0
5252;4675902;;;;2048522;"Пробники та мініатюри";0;0
4784;4675908;;;;4629305;"Інтимні товари";0;0
4971;4675911;;;;4675908;Лубриканти;0;0
5781;4675923;;;;2577232;Енергообладнання;0;0
4505;4675926;;;;83882;Велосвітло;0;0
5166;4675929;;;;4659561;"Пластичні мастила";0;0
5408;4675932;;;;4659561;"Мастила для гальмівної системи";0;0
5409;4675935;;;;4659561;"Мастила для ланцюгів та ременів";0;0
4702;4675938;;;;4659568;Рідини;0;0
4703;4675941;;;;4675938;"Рідини AdBlue";0;0
4915;4675944;;;;4659568;"Фарби, лаки та шпаклівки";0;0
4426;4675947;;;;4675944;Антигравій;0;0
4428;4675950;;;;4675944;"Антикорозійні мастики";0;0
5798;4675953;;;;4675944;"Засоби для усунення сколів та подряпин";0;0
5797;4675956;;;;4675944;"Поліролі та скраби";0;0
5791;4675957;;;;4628033;"Азійська локшина та рис";0;0
5796;4675960;;;;4628033;"Азійські соуси та пасти";0;0
5793;4675963;;;;4628033;"Азійські спеції та приправи";0;0
5792;4675966;;;;4628033;"Азійські гриби, водорості";0;0
5790;4675969;;;;4628033;"Азійська їжа швидкого приготування";0;0
5800;4675972;;;;4628033;"Панко, темпура та рисове борошно";0;0
5795;4675975;;;;4628033;"Азійська консервація";0;0
5799;4675978;;;;4628033;"Моті та азійські солодощі";0;0
5803;4675996;;;;4116431;"Переноски для тварин";0;0
5804;4675999;;;;4116431;"Спальні місця, лежаки, будиночки для тварин";0;0
5802;4676002;;;;4116431;"Автокрісла, чохли на сидіння для тварин";0;0
5801;4676008;;;;80192;"Газові обігрівачі";0;0
